{"name":"DefaultTalisman","duration":[-1,-1],"triggerinterval":[0,0],"affectparam":[["addLifeForceStatus","addWillpowerStatus","addEndureStatus","addStrengthStatus","addDexterityStatus","addMagicStatus","addFaithStatus","addLuckStatus"]],"affectparamrealdesc":[["VIG","MND","END","STR","DEX","INT","FTH","ARC"]],"paramtype0int1float":[[0,0,0,0,0,0,0,0]],"affectparamminmax":[[1,5]],"stateinfo":0,"negativevalue":[0],"showpercentsymbol":[0],"displaynumbermultiplier":[1.0,1.0],"showminusnotplus":[0],"effectchance":[1],"maxmultiplier":3.0,"errmultiplier":1.0,"errmultiplierparamnametrigger":["addEndureStatus"],"rarityaffectmultiplier":1.0,"speffecttype":0,"suffpreinterfixes":["Emboldening","of Emboldening","Emboldened"],"talismaniconid":[18000],"talismansortid":400000,"talismanname":"Talisman"}