{"name":"Furious","duration":[-1,-1],"triggerinterval":[0,0],"affectparam":[["atkEnemyDmgCorrectRate_Magic","atkEnemyDmgCorrectRate_Physics","atkEnemyDmgCorrectRate_Fire","atkEnemyDmgCorrectRate_Thunder","atkEnemyDmgCorrectRate_Dark"],["defEnemyDmgCorrectRate_Physics","defEnemyDmgCorrectRate_Dark","defEnemyDmgCorrectRate_Thunder","defEnemyDmgCorrectRate_Fire","defEnemyDmgCorrectRate_Magic"]],"affectparamrealdesc":[["x Magic Damage Dealt","x Physical Damage Dealt","x Fire Damage Dealt","x Lightning Damage Dealt","x Holy Damage Dealt"],["x Extra Physical Damage Taken","x Extra Holy Damage Taken","x Extra Lightning Damage Taken","x Extra Fire Damage Taken","x Extra Magic Damage Taken"]],"paramtype0int1float":[[1,1,1,1,1],[1,1,1,1,1]],"affectparamminmax":[[1.05,1.15],[1.05,1.2]],"stateinfo":0,"negativevalue":[0,0],"showpercentsymbol":[0,0],"displaynumbermultiplier":[1.0,1.0],"showminusnotplus":[0,0],"effectchance":[1,1],"maxmultiplier":2.0,"errmultiplier":1.0,"errmultiplierparamnametrigger":["addEndureStatus"],"rarityaffectmultiplier":0.7,"speffecttype":0,"suffpreinterfixes":["Furious","of Fury","Fury"],"talismaniconid":[18250],"talismansortid":405031,"talismanname":""}