{"FmgID":26,"Fmg":{"Entries":[
{"ID":200,"Text":null},
{"ID":2010000,"Text":"Mushrooms found growing all over the body.\nThese overgrown mushrooms form a towering headpiece.\n\nRaises attack power when something nearby suffers from poison or rot.\n\nLong ago, great lords served the scarlet rot. Perhaps such fungal bodies served as their crowns."},
{NEWENTRIES}
{"ID":2030000,"Text":"Robe worn by scholars of the Lazuli Conspectus, singular among the greater Raya Lucaria Academy.\n\nThese scholars, who sought to master Carian sorcery, instead learned to see the moon as equal to the stars.\nThis robe, in the hue of the full moon, signifies their heresy."}
],"Version":2,"BigEndian":false,"Compression":1}}