{"name":"DefaultTalisman","duration":[-1,-1],"triggerinterval":[0,0],"affectparam":[["addLifeForceStatus","addWillpowerStatus","addEndureStatus","addVitalityStatus","addStrengthStatus","addDexterityStatus","addMagicStatus","addFaithStatus","addLuckStatus"],["addLifeForceStatus","addWillpowerStatus","addEndureStatus","addVitalityStatus","addStrengthStatus","addDexterityStatus","addMagicStatus","addFaithStatus","addLuckStatus"]],"affectparamrealdesc":[["VIG","MND","END","VIT","STR","DEX","INT","FTH","ARC"],["VIG","MND","END","VIT","STR","DEX","INT","FTH","ARC"]],"paramtype0int1float":[[0,0,0,0,0,0,0,0,0],[0,0,0,0,0,0,0,0,0]],"affectparamminmax":[[1,5],[1,5]],"effectchance":[1,0.4],"speffecttype":0,"suffpreinterfixes":["Emboldening","of Emboldening","Emboldened"],"talismaniconid":18000,"talismansortid":400000,"talismanname":"Talisman"}