{"customitemlotsetname":"Wow Materials Great Drops","guaranteeddrops":1,"onetimepickup":1,"loottypecreationpatterns":["0001111","1111100"],"itemlotidsarray":[10000251,10000881,11000311,12020031,12030341,12050331,13000681,15000711,15000951,31020031,31050071,31090021,31180041,31170021,31220081,32000071,32050011],"dropchancevaluemultiplier":2,"minweaponrarity":1,"maxweaponrarity":4,"weaponstatreqmultiplier":1.0,"outputparam":"ItemLotParam_map"}
{"customitemlotsetname":"Early Remembrances","guaranteeddrops":1,"onetimepickup":1,"loottypecreationpatterns":["0000111","0000222"],"itemlotidsarray":[10171,10172,10173,10012,10013,10014,10183,10184,10185,10001,10002],"dropchancevaluemultiplier":2,"minweaponrarity":2,"maxweaponrarity":5,"weaponstatreqmultiplier":1,"outputparam":"ItemLotParam_map"}
{"customitemlotsetname":"Mid Remembrances","guaranteeddrops":1,"onetimepickup":1,"loottypecreationpatterns":["0000111","0000222"],"itemlotidsarray":[10321,10322,10323,10302,10303,10304,10222,10223,10224,10331,10332,10333],"dropchancevaluemultiplier":2,"minweaponrarity":4,"maxweaponrarity":6,"weaponstatreqmultiplier":1,"outputparam":"ItemLotParam_map"}
{"customitemlotsetname":"Late Remembrances","guaranteeddrops":1,"onetimepickup":1,"loottypecreationpatterns":["0000111","0000222"],"itemlotidsarray":[10111,10112,10113,10081,10082,10083,10071,10072,10073,10311,10312,10312,10111,10112,10113,10161,10162,10163,10072,10073,10074,10112,10113,10114,10122,10123,10124,10152,10153,10154,10162,10163,10164,10202,10203,10204,10312,10313,10314],"dropchancevaluemultiplier":4.5,"minweaponrarity":5,"maxweaponrarity":-1,"weaponstatreqmultiplier":1,"outputparam":"ItemLotParam_map"}
{"customitemlotsetname":"Elden Beast Remembrance","guaranteeddrops":1,"onetimepickup":1,"loottypecreationpatterns":["0000111","0000222"],"itemlotidsarray":[10151,10152,10153,10154,10231,10232,10233,10234],"dropchancevaluemultiplier":2,"minweaponrarity":6,"maxweaponrarity":-1,"weaponstatreqmultiplier":1,"outputparam":"ItemLotParam_map"}