{"customitemlotsetname":"Start Game Drop","guaranteeddrops":1,"onetimepickup":1,"loottypecreationpatterns":["000000"],"itemlotidsarray":[10010001],"dropchancevaluemultiplier":3,"minweaponrarity":0,"maxweaponrarity":1,"weaponstatreqmultiplier":0.9,"outputparam":"ItemLotParam_map"}
{"customitemlotsetname":"Start Game Drop","guaranteeddrops":1,"onetimepickup":1,"loottypecreationpatterns":["111111"],"itemlotidsarray":[10010002],"dropchancevaluemultiplier":3,"minweaponrarity":0,"maxweaponrarity":1,"weaponstatreqmultiplier":0.9,"outputparam":"ItemLotParam_map"}
{"customitemlotsetname":"Start Game Drop","guaranteeddrops":1,"onetimepickup":1,"loottypecreationpatterns":["222222"],"itemlotidsarray":[10010003],"dropchancevaluemultiplier":3,"minweaponrarity":0,"maxweaponrarity":1,"weaponstatreqmultiplier":0.9,"outputparam":"ItemLotParam_map"}