{"FmgID":21,"Fmg":{"Entries":[
{"ID":1,"Text":null},
{"ID":2,"Text":null},
{"ID":50030000,"Text":"Thin, whittled animal bone with feather fletchings"},
{"ID":50110000,"Text":"Arrow whittled from thin animal bone"},
{"ID":50130000,"Text":"Fletched animal bone arrow set alight when shot"},
{"ID":50140000,"Text":"Animal bone arrow set alight when shot"},
{"ID":50150000,"Text":"Fletched animal bone arrow with poison-daubed tip"},
{"ID":50160000,"Text":"Animal bone arrow with poison-daubed tip"},
{"ID":50170000,"Text":"Fletched animal bone arrow with waterlily tincture tip"},
{"ID":50180000,"Text":"Animal bone arrow with waterlily tincture tip"},
{"ID":50190000,"Text":"Bone arrow fletched with stormhawk feathers"},
{"ID":50200000,"Text":"Fletched animal bone arrow charged with lightning"},
{"ID":50210000,"Text":"Animal bone arrow charged with lightning"},
{"ID":50220000,"Text":"Animal bone arrow tipped with Rainbow Stone shard"},
{"ID":50230000,"Text":"Animal bone arrow tipped with crystal shard"},
{"ID":50250000,"Text":"Animal bone arrow, gust knocks enemies away"},
{"ID":50260000,"Text":"Fletched bone arrow with glintstone tincture tip"},
{"ID":50270000,"Text":"Animal bone arrow with glintstone tincture tip"},
{"ID":50280000,"Text":"Fletched bone arrow with gold tincture tip"},
{"ID":50290000,"Text":"Animal bone arrow with gold tincture tip"},
{"ID":50300000,"Text":"Fletched bone arrow with blood tincture tip"},
{"ID":50310000,"Text":"Animal bone arrow with blood tincture tip"},
{"ID":50320000,"Text":"Fletched bone arrow with frozen tip"},
{"ID":50330000,"Text":"Animal bone arrow with frozen tip"},
{"ID":50340000,"Text":"Fletched bone arrow with rot-coated tip"},
{"ID":50350000,"Text":"Animal bone arrow with rot-coated tip"},
{"ID":51050000,"Text":"Thick, whittled bone arrow with feather fletchings"},
{"ID":51060000,"Text":"Thick, whittled animal bone arrow, large as a spear"},
{"ID":52090000,"Text":"Thin, whittled animal bone bolt"},
{"ID":52100000,"Text":"Animal bone bolt set alight when shot"},
{"ID":52110000,"Text":"Animal bone bolt with lightning-imbued tip"},
{"ID":52120000,"Text":"Animal bone bolt with glintstone tincture tip"},
{"ID":52130000,"Text":"Animal bone bolt with gold tincture tip"},
{"ID":52140000,"Text":"Animal bone bolt with poison-coated tip"},
{"ID":52150000,"Text":"Animal bone bolt with blood tincture tip"},
{"ID":52160000,"Text":"Animal bone bolt with frozen tip"},
{"ID":52170000,"Text":"Animal bone bolt with rot-coated tip"},
{"ID":52180000,"Text":"Animal bone bolt with waterlily tincture tip"},
{"ID":53030000,"Text":"Thick, whittled bone bolt, large as a spear"}
],"Version":2,"BigEndian":false,"Compression":1}}