{"FmgID":27,"Fmg":{"Entries":[
{"ID":1,"Text":null},
{"ID":2,"Text":null},
{"ID":100,"Text":"Online multiplayer item. Receipt of a plea for\nhelp to the maidens of the Finger Reader.\n\nSummons a Broken Finger Stalker from another\nworld to face an invading Broken Finger.\n\nMaidens of the Finger Reader speak in hushed\ntones about the loathsome, traitorous Broken\nFingers and the dangers of their base invasions."},
{"ID":101,"Text":"Online multiplayer item. Record of contract with\nthe maidens of the Finger Reader.\n\nBe summoned to the world of a player who\nhas been invaded by a Broken Finger.\n\nThe Broken Fingers have betrayed the Finger\nReader. They are a cancer that afflicts the\nties that bind the Tarnished to one another.\nThey must be excised, and eradicated."},
{"ID":1000,"Text":"A medallion with crimson amber inlaid.\nBoosts maximum HP.\n\nThe Erdtree's old sap becomes amber, treasured as the most precious of jewels in the age of Godfrey, the first Elden Lord.\n\nA primordial life energy resides inside."},
{"ID":1001,"Text":"A medallion with crimson amber inlaid.\nGreatly boosts maximum HP.\n\nThe Erdtree's old sap becomes amber, treasured as the most precious of jewels in the age of Godfrey, the first Elden Lord.\n\nA primordial life energy resides inside."},
{"ID":1002,"Text":"A medallion with crimson amber inlaid.\nVastly boosts maximum HP.\n\nThe Erdtree's old sap becomes amber, treasured as the most precious of jewels in the age of Godfrey, the first Elden Lord.\n\nA primordial life energy resides inside."},
{"ID":1003,"Text":null},
{"ID":1004,"Text":null},
{"ID":1005,"Text":null},
{"ID":1006,"Text":null},
{"ID":1007,"Text":null},
{"ID":1008,"Text":null},
{"ID":1009,"Text":null},
{"ID":1010,"Text":"A medallion with cerulean amber inlaid.\nBoosts maximum FP.\n\nThe Erdtree's old sap becomes amber, treasured as the most precious of jewels in the age of Godfrey, the first Elden Lord.\n\nA primordial life energy resides inside."},
{"ID":1011,"Text":"A medallion with cerulean amber inlaid.\nGreatly boosts maximum FP.\n\nThe Erdtree's old sap becomes amber, treasured as the most precious of jewels in the age of Godfrey, the first Elden Lord.\n\nA primordial life energy resides inside."},
{"ID":1012,"Text":"A medallion with cerulean amber inlaid.\nVastly boosts maximum FP.\n\nThe Erdtree's old sap becomes amber, treasured as the most precious of jewels in the age of Godfrey, the first Elden Lord.\n\nA primordial life energy resides inside."},
{"ID":1013,"Text":null},
{"ID":1014,"Text":null},
{"ID":1015,"Text":null},
{"ID":1016,"Text":null},
{"ID":1017,"Text":null},
{"ID":1018,"Text":null},
{"ID":1019,"Text":null},
{"ID":1020,"Text":"A medallion with viridian amber inlaid.\nBoosts maximum stamina.\n\nThe Erdtree's old sap becomes amber, treasured as the most precious of jewels in the age of Godfrey, the first Elden Lord.\n\nA primordial life energy resides inside."},
{"ID":1021,"Text":"A medallion with viridian amber inlaid.\nGreatly boosts maximum stamina.\n\nThe Erdtree's old sap becomes amber, treasured as the most precious of jewels in the age of Godfrey, the first Elden Lord.\n\nA primordial life energy resides inside."},
{"ID":1022,"Text":"A medallion with viridian amber inlaid.\nVastly boosts maximum stamina.\n\nThe Erdtree's old sap becomes amber, treasured as the most precious of jewels in the age of Godfrey, the first Elden Lord.\n\nA primordial life energy resides inside."},
{"ID":1023,"Text":null},
{"ID":1024,"Text":null},
{"ID":1025,"Text":null},
{"ID":1026,"Text":null},
{"ID":1027,"Text":null},
{"ID":1028,"Text":null},
{"ID":1029,"Text":null},
{"ID":1030,"Text":"An iron charm that resembles a mass of weaponry.\nBoosts maximum equipment load.\n\nThis talisman was derived from an unusual greatsword once wielded by a hero hungry for vengeance."},
{"ID":1031,"Text":"An iron charm that resembles a mass of weaponry.\nGreatly boosts maximum equipment load.\n\nThis talisman was derived from an unusual greatsword once wielded by a hero hungry for vengeance."},
{"ID":1032,"Text":"A charm that resembles a great jar overflowing with weaponry.\nVastly boosts maximum equipment load.\n\nThe great jar grants this talisman to their warriors.\nCarry as much as you can—grow big and strong."},
{"ID":1033,"Text":null},
{"ID":1034,"Text":null},
{"ID":1035,"Text":null},
{"ID":1036,"Text":null},
{"ID":1037,"Text":null},
{"ID":1038,"Text":null},
{"ID":1039,"Text":null},
{"ID":1040,"Text":"A talisman depicting a special blessing of the Erdtree.\nSlightly raises maximum HP, stamina, and equip load.\n\nIt is said that when the Age of the Erdtree began, such blessings were personally bestowed upon their recipients by Queen Marika herself."},
{"ID":1041,"Text":"A talisman depicting a special blessing of the Erdtree.\nRaises maximum HP, stamina, and equip load.\n\nIt is said that when the Age of the Erdtree began, such blessings were personally bestowed upon their recipients by Queen Marika herself."},
{"ID":1042,"Text":"A legendary talisman depicting a special blessing of the Erdtree.\n\nGreatly raises maximum HP, stamina, and equip load.\n\nIt is said that when the Age of the Erdtree began, such blessings were personally bestowed upon their recipients by Queen Marika herself."},
{"ID":1043,"Text":null},
{"ID":1044,"Text":null},
{"ID":1045,"Text":null},
{"ID":1046,"Text":null},
{"ID":1047,"Text":null},
{"ID":1048,"Text":null},
{"ID":1049,"Text":null},
{"ID":1050,"Text":"An eye engraved with an Elden Rune.\nSaid to be the seal of King Consort Radagon.\n\nRaises vigor, endurance, strength, and dexterity, but also increases damage taken.\n\nThese seals represent the lifelong duty of those chosen by the gods."},
{"ID":1051,"Text":"This legendary talisman is an eye engraved with an Elden Rune, said to be the seal of King Consort Radagon.\n\nGreatly raises vigor, endurance, strength, and dexterity, but also increases damage taken by a similar measure.\n\nSolemn duty weighs upon the one beholden; not unlike a gnawing curse from which there is no deliverance."},
{"ID":1052,"Text":null},
{"ID":1053,"Text":null},
{"ID":1054,"Text":null},
{"ID":1055,"Text":null},
{"ID":1056,"Text":null},
{"ID":1057,"Text":null},
{"ID":1058,"Text":null},
{"ID":1059,"Text":null},
{"ID":1060,"Text":"A talisman engraved with a scene from a heroic tale.\nRaises strength.\n\nThe mightiest hero of the demigods confronted the falling stars alone—and thus did he crush them, his conquest sealing the very fate of the stars."},
{"ID":1061,"Text":null},
{"ID":1062,"Text":null},
{"ID":1063,"Text":null},
{"ID":1064,"Text":null},
{"ID":1065,"Text":null},
{"ID":1066,"Text":null},
{"ID":1067,"Text":null},
{"ID":1068,"Text":null},
{"ID":1069,"Text":null},
{"ID":1070,"Text":"A talisman engraved with a scene from a heroic tale.\nRaises dexterity.\n\nThough born into the accursed rot, when the young girl encountered her mentor and his flowing blade, she gained wings of unparalleled strength."},
{"ID":1071,"Text":null},
{"ID":1072,"Text":null},
{"ID":1073,"Text":null},
{"ID":1074,"Text":null},
{"ID":1075,"Text":null},
{"ID":1076,"Text":null},
{"ID":1077,"Text":null},
{"ID":1078,"Text":null},
{"ID":1079,"Text":null},
{"ID":1080,"Text":"A talisman engraved with the legend of a queen.\nRaises intelligence.\n\nThe young astrologer gazed at the night sky as she walked. She had always chased the stars every step of her journey. Then she met the full moon—and, in time, the astrologer became a queen."},
{"ID":1081,"Text":null},
{"ID":1082,"Text":null},
{"ID":1083,"Text":null},
{"ID":1084,"Text":null},
{"ID":1085,"Text":null},
{"ID":1086,"Text":null},
{"ID":1087,"Text":null},
{"ID":1088,"Text":null},
{"ID":1089,"Text":null},
{"ID":1090,"Text":"A talisman engraved with the legend of the Two Fingers.\nRaises faith.\n\nFingers cannot speak, yet these were eloquent.\nPersistently did they wriggle, spelling out mysteries in the air.\nThus did we gain the words. The words of our faith."},
{"ID":1091,"Text":null},
{"ID":1092,"Text":null},
{"ID":1093,"Text":null},
{"ID":1094,"Text":null},
{"ID":1095,"Text":null},
{"ID":1096,"Text":null},
{"ID":1097,"Text":null},
{"ID":1098,"Text":null},
{"ID":1099,"Text":null},
{"ID":1100,"Text":"A talisman facsimile of a scarab, the carrier of treasures and precious things.\n\nThis silver scarab enhances item discovery."},
{"ID":1101,"Text":null},
{"ID":1102,"Text":null},
{"ID":1103,"Text":null},
{"ID":1104,"Text":null},
{"ID":1105,"Text":null},
{"ID":1106,"Text":null},
{"ID":1107,"Text":null},
{"ID":1108,"Text":null},
{"ID":1109,"Text":null},
{"ID":1110,"Text":"A talisman facsimile of a scarab, the carrier of treasures and precious things.\n\nThis golden scarab increases the amount of runes obtained from defeating enemies."},
{"ID":1140,"Text":"This legendary talisman is a treasure of Nokstella, the Eternal City.\n\nIncreases memory slots.\n\nThis talisman represents the lost black moon.\nThe moon of Nokstella was the guide of countless stars."},
{"ID":1141,"Text":null},
{"ID":1142,"Text":null},
{"ID":1143,"Text":null},
{"ID":1144,"Text":null},
{"ID":1145,"Text":null},
{"ID":1146,"Text":null},
{"ID":1147,"Text":null},
{"ID":1148,"Text":null},
{"ID":1149,"Text":null},
{"ID":1150,"Text":"A talisman in the shape of a green turtle.\nRaises stamina recovery speed.\n\nTurtles are known as a nutritious ingredient, symbolic of inexhaustible power.\n\nHowever, those who hold turtles to be wise creatures consider the practice of eating their meat to be barbarous."},
{"ID":1151,"Text":null},
{"ID":1152,"Text":null},
{"ID":1153,"Text":null},
{"ID":1154,"Text":null},
{"ID":1155,"Text":null},
{"ID":1156,"Text":null},
{"ID":1157,"Text":null},
{"ID":1158,"Text":null},
{"ID":1159,"Text":null},
{"ID":1160,"Text":"An accoutrement worn by the ancestral followers.\nRaises robustness.\n(Robustness governs resistance to blood loss and frost.)\n\nSaid to be a budding horn. The ancestral followers believe that the horns of a long-lived beast continue to bud like antlers, over and over again, until the beast one day becomes an ancestral spirit."},
{"ID":1161,"Text":"An accoutrement worn by the ancestral followers.\nGreatly raises robustness.\n(Robustness governs resistance to blood loss and frost.)\n\nSaid to be a budding horn. The ancestral followers believe that the horns of a long-lived beast continue to bud like antlers, over and over again, until the beast one day becomes an ancestral spirit."},
{"ID":1162,"Text":null},
{"ID":1163,"Text":null},
{"ID":1164,"Text":null},
{"ID":1165,"Text":null},
{"ID":1166,"Text":null},
{"ID":1167,"Text":null},
{"ID":1168,"Text":null},
{"ID":1169,"Text":null},
{"ID":1170,"Text":"An accoutrement worn by the ancestral followers.\nRaises immunity.\n(Immunity governs resistance to poison and rot.)\n\nSaid to be a budding horn. The ancestral followers believe that the horns of a long-lived beast continue to bud like antlers, over and over again, until the beast one day becomes an ancestral spirit."},
{"ID":1171,"Text":"An accoutrement worn by the ancestral followers.\nGreatly raises immunity.\n(Immunity governs resistance to poison and rot.)\n\nSaid to be a budding horn. The ancestral followers believe that the horns of a long-lived beast continue to bud like antlers, over and over again, until the beast one day becomes an ancestral spirit."},
{"ID":1172,"Text":null},
{"ID":1173,"Text":null},
{"ID":1174,"Text":null},
{"ID":1175,"Text":null},
{"ID":1176,"Text":null},
{"ID":1177,"Text":null},
{"ID":1178,"Text":null},
{"ID":1179,"Text":null},
{"ID":1180,"Text":"An accoutrement worn by the ancestral followers.\nRaises focus.\n(Focus governs resistance to sleep and madness.)\n\nSaid to be a budding horn. The ancestral followers believe that the horns of a long-lived beast continue to bud like antlers, over and over again, until the beast one day becomes an ancestral spirit."},
{"ID":1181,"Text":"An accoutrement worn by the ancestral followers.\nGreatly raises focus.\n(Focus governs resistance to sleep and madness.)\n\nSaid to be a budding horn. The ancestral followers believe that the horns of a long-lived beast continue to bud like antlers, over and over again, until the beast one day becomes an ancestral spirit."},
{"ID":1182,"Text":null},
{"ID":1183,"Text":null},
{"ID":1184,"Text":null},
{"ID":1185,"Text":null},
{"ID":1186,"Text":null},
{"ID":1187,"Text":null},
{"ID":1188,"Text":null},
{"ID":1189,"Text":null},
{"ID":1190,"Text":"A fetid pustule taken from facial flesh.\nRaises vitality.\n(Vitality governs resistance to the effects of Death.)\n\nIt is said that this pustule came from the visage of the Prince of Death, he who used to be called Godwyn. As First Dead of the demigods, it's said he's buried deep under the capital, at the Erdtree's roots."},
{"ID":1191,"Text":"A fetid, overgrown cyst taken from facial flesh.\nGreatly raises vitality.\n(Vitality governs resistance to the effects of Death.)\n\nIt is said that this cyst came from the corrupted visage of one unable to die a true Death. Indeed, it comes from the Prince of Death, scion of the golden bough and First of the Dead among the demigods."},
{"ID":1192,"Text":null},
{"ID":1193,"Text":null},
{"ID":1194,"Text":null},
{"ID":1195,"Text":null},
{"ID":1196,"Text":null},
{"ID":1197,"Text":null},
{"ID":1198,"Text":null},
{"ID":1199,"Text":null},
{"ID":1200,"Text":"A vividly-colored accoutrement precious to the ancestral followers.\n\nRaises immunity, robustness, and focus.\n\nSaid to be a budding horn. The ancestral followers believe that the horns of a long-lived beast continue to bud like antlers, over and over again, until the beast one day becomes an ancestral spirit."},
{"ID":1201,"Text":"A vividly-colored accoutrement precious to the ancestral followers.\n\nGreatly raises immunity, robustness, and focus.\n\nSaid to be a budding horn. The ancestral followers believe that the horns of a long-lived beast continue to bud like antlers, over and over again, until the beast one day becomes an ancestral spirit."},
{"ID":1202,"Text":null},
{"ID":1203,"Text":null},
{"ID":1204,"Text":null},
{"ID":1205,"Text":null},
{"ID":1206,"Text":null},
{"ID":1207,"Text":null},
{"ID":1208,"Text":null},
{"ID":1209,"Text":null},
{"ID":1210,"Text":"A talisman depicting the horns of a bull-goat.\nRaises poise.\n\nBull-goats are associated with the stout and mighty Tragoth, said to be unflinching in combat—now a silent comrade to those who fight."},
{"ID":1211,"Text":null},
{"ID":1212,"Text":null},
{"ID":1213,"Text":null},
{"ID":1214,"Text":null},
{"ID":1215,"Text":null},
{"ID":1216,"Text":null},
{"ID":1217,"Text":null},
{"ID":1218,"Text":null},
{"ID":1219,"Text":null},
{"ID":1220,"Text":"An eye engraved with an Elden Rune.\nSaid to be the seal of Queen Marika.\n\nRaises mind, intelligence, faith, and arcane, but also increases damage taken.\n\nThese seals represent the lifelong duty of those chosen by the gods."},
{"ID":1221,"Text":"This legendary talisman is an eye engraved with an Elden Rune, said to be the seal of Queen Marika.\n\nGreatly raises mind, intelligence, faith, and arcane, but also increases damage taken by a similar measure.\n\nSolemn duty weighs upon the one beholden; not unlike a gnawing curse from which there is no deliverance."},
{"ID":1222,"Text":null},
{"ID":1223,"Text":null},
{"ID":1224,"Text":null},
{"ID":1225,"Text":null},
{"ID":1226,"Text":null},
{"ID":1227,"Text":null},
{"ID":1228,"Text":null},
{"ID":1229,"Text":null},
{"ID":1230,"Text":"Shard of a shattered warrior jar.\n\nBoosts the attack power of skills.\n\nScraps of stewed flesh cling to the shard, and tatters of ornaments can be seen mingled within the slime. Relics of ancient royal warriors, perhaps."},
{"ID":1231,"Text":"Shard of the late Alexander, a shattered warrior jar.\n\nGreatly boosts the attack power of skills.\n\nScraps of stewed flesh cling to the shard, and tatters of ornaments can be seen mingled within the slime. Relics of a red-haired champion, it would seem."},
{"ID":1232,"Text":null},
{"ID":1233,"Text":null},
{"ID":1234,"Text":null},
{"ID":1235,"Text":null},
{"ID":1236,"Text":null},
{"ID":1237,"Text":null},
{"ID":1238,"Text":null},
{"ID":1239,"Text":null},
{"ID":1240,"Text":null},
{"ID":1241,"Text":null},
{"ID":1242,"Text":null},
{"ID":1243,"Text":null},
{"ID":1244,"Text":null},
{"ID":1245,"Text":null},
{"ID":1246,"Text":null},
{"ID":1247,"Text":null},
{"ID":1248,"Text":null},
{"ID":1249,"Text":null},
{"ID":1250,"Text":"Part of the golden prosthesis used by Millicent.\nThe hand is locked into a fist that once raised a sword aloft.\n\nBoosts dexterity and raises attack power with successive attacks.\n\nThe despair of sweet betrayal transformed Millicent from a mere bud into a magnificent flower. And one day, she will be reborn—as a beautiful scarlet valkyrie."},
{"ID":2000,"Text":"A talisman carried by assassins who strike unseen.\nPatterned on a scorpion freshly shed of its exoskeleton, its claws seizing a heart that shimmers with magic.\n\nRaises magic attack power, but lowers damage negation."},
{"ID":2001,"Text":null},
{"ID":2002,"Text":null},
{"ID":2003,"Text":null},
{"ID":2004,"Text":null},
{"ID":2005,"Text":null},
{"ID":2006,"Text":null},
{"ID":2007,"Text":null},
{"ID":2008,"Text":null},
{"ID":2009,"Text":null},
{"ID":2010,"Text":"A talisman carried by assassins who strike unseen.\nPatterned on a scorpion freshly shed of its exoskeleton, its claws seizing a heart that sparks with lightning.\n\nRaises lightning attack power, but lowers damage negation."},
{"ID":2011,"Text":null},
{"ID":2012,"Text":null},
{"ID":2013,"Text":null},
{"ID":2014,"Text":null},
{"ID":2015,"Text":null},
{"ID":2016,"Text":null},
{"ID":2017,"Text":null},
{"ID":2018,"Text":null},
{"ID":2019,"Text":null},
{"ID":2020,"Text":"A talisman carried by assassins who strike unseen.\nPatterned on a scorpion freshly shed of its exoskeleton, its claws seizing a heart that burns with fire.\n\nRaises fire attack power, but lowers damage negation."},
{"ID":2021,"Text":null},
{"ID":2022,"Text":null},
{"ID":2023,"Text":null},
{"ID":2024,"Text":null},
{"ID":2025,"Text":null},
{"ID":2026,"Text":null},
{"ID":2027,"Text":null},
{"ID":2028,"Text":null},
{"ID":2029,"Text":null},
{"ID":2030,"Text":"A talisman carried by assassins who strike unseen.\nPatterned on a scorpion freshly shed of its exoskeleton, its claws seizing a heart with a blessed glow.\n\nRaises holy attack power, but lowers damage negation."},
{"ID":2031,"Text":null},
{"ID":2032,"Text":null},
{"ID":2033,"Text":null},
{"ID":2034,"Text":null},
{"ID":2035,"Text":null},
{"ID":2036,"Text":null},
{"ID":2037,"Text":null},
{"ID":2038,"Text":null},
{"ID":2039,"Text":null},
{"ID":2040,"Text":"A talisman adorned with red feathers, once used in ancient death rituals.\nRaises attack power when HP is low.\n\nThe heart sings when one draws close to death, and a glorious end awaits those who cling so tenaciously to life."},
{"ID":2041,"Text":null},
{"ID":2042,"Text":null},
{"ID":2043,"Text":null},
{"ID":2044,"Text":null},
{"ID":2045,"Text":null},
{"ID":2046,"Text":null},
{"ID":2047,"Text":null},
{"ID":2048,"Text":null},
{"ID":2049,"Text":null},
{"ID":2050,"Text":"A talisman patterned after swords used in ritual combat held to honor the Erdtree.\n\nRaises attack power when HP is at maximum.\n\nThe practice had died out by the age of King Consort Radagon, but remains of the arenas where ritual combat took place can still be found in every land."},
{"ID":2051,"Text":null},
{"ID":2052,"Text":null},
{"ID":2053,"Text":null},
{"ID":2054,"Text":null},
{"ID":2055,"Text":null},
{"ID":2056,"Text":null},
{"ID":2057,"Text":null},
{"ID":2058,"Text":null},
{"ID":2059,"Text":null},
{"ID":2060,"Text":"A talisman depicting a spear and a soldier.\nEnhances the counterattacks that are unique to thrusting weapons.\n\nSpears are standard weapons for soldiers in the Lands Between. They made it possible to respond to a ferocious foe with an equally ferocious counterattack."},
{"ID":2061,"Text":null},
{"ID":2062,"Text":null},
{"ID":2063,"Text":null},
{"ID":2064,"Text":null},
{"ID":2065,"Text":null},
{"ID":2066,"Text":null},
{"ID":2067,"Text":null},
{"ID":2068,"Text":null},
{"ID":2069,"Text":null},
{"ID":2070,"Text":"A talisman depicting a hammer and a knight.\nEnhances stamina-reducing attacks against a blocking opponent.\n\nHammers are highly effective against shield-bearing foes, so much so that they are known as \"knight-killers.\""},
{"ID":2071,"Text":null},
{"ID":2072,"Text":null},
{"ID":2073,"Text":null},
{"ID":2074,"Text":null},
{"ID":2075,"Text":null},
{"ID":2076,"Text":null},
{"ID":2077,"Text":null},
{"ID":2078,"Text":null},
{"ID":2079,"Text":null},
{"ID":2080,"Text":"A talisman depicting a raised prosthetic blade.\nAn honor bestowed upon the knights who fought alongside Malenia the Severed.\n\nRaises attack power with successive attacks.\n\nThe wings symbolize Malenia and her undefeated prowess. Though she never knew relief from the accursed rot she was born into, her blade was forever beautiful—and relentless."},
{"ID":2081,"Text":"A talisman depicting a raised prosthetic blade.\nAn honor bestowed upon the valkyries who serve the Goddess of Rot.\n\nGreatly raises attack power with successive attacks.\n\nThe four sisters were born in the Swamp of Aeonia, and came to the Haligtree under the aegis of Gowry. And yet, those buds were doomed to never blossom."},
{"ID":2082,"Text":null},
{"ID":2083,"Text":null},
{"ID":2084,"Text":null},
{"ID":2085,"Text":null},
{"ID":2086,"Text":null},
{"ID":2087,"Text":null},
{"ID":2088,"Text":null},
{"ID":2089,"Text":null},
{"ID":2090,"Text":"A talisman depicting a dagger and a surgeon.\nEnhances critical hits.\n\nThe white-garbed field surgeons come to the aid of friend and foe alike by dealing a final deadly thrust to spare them from the prolonged agony of a mortal wound. A sense of mercy is a catalyst for bloodlust."},
{"ID":2091,"Text":null},
{"ID":2092,"Text":null},
{"ID":2093,"Text":null},
{"ID":2094,"Text":null},
{"ID":2095,"Text":null},
{"ID":2096,"Text":null},
{"ID":2097,"Text":null},
{"ID":2098,"Text":null},
{"ID":2099,"Text":null},
{"ID":2100,"Text":"A talisman depicting three arrows.\nCarried by hunters of beasts.\n\nIncreases the effective range of bows."},
{"ID":2101,"Text":null},
{"ID":2102,"Text":null},
{"ID":2103,"Text":null},
{"ID":2104,"Text":null},
{"ID":2105,"Text":null},
{"ID":2106,"Text":null},
{"ID":2107,"Text":null},
{"ID":2108,"Text":null},
{"ID":2109,"Text":null},
{"ID":2110,"Text":"A cloth doll depicting a dancer garbed in blue.\nAn ancient heirloom of some sort.\n\nRaises attack power with lower equipment load.\n\nThe dancer in blue represents a fairy, who in legend bestowed a flowing sword upon a blind swordsman. Blade in hand, the swordsman sealed away an ancient god—a god that was Rot itself."},
{"ID":2111,"Text":null},
{"ID":2112,"Text":null},
{"ID":2113,"Text":null},
{"ID":2114,"Text":null},
{"ID":2115,"Text":null},
{"ID":2116,"Text":null},
{"ID":2117,"Text":null},
{"ID":2118,"Text":null},
{"ID":2119,"Text":null},
{"ID":2120,"Text":"A talisman depicting a twinblade and a confessor.\nEnhances the final hit ending a chain of attacks.\n\nThe twinblade technique is a tradition of the confessors, who closely guard the secret of how they preserve the momentum of their attacks. Thus is the final strike of their onslaught all the more deadly."},
{"ID":2121,"Text":null},
{"ID":2122,"Text":null},
{"ID":2123,"Text":null},
{"ID":2124,"Text":null},
{"ID":2125,"Text":null},
{"ID":2126,"Text":null},
{"ID":2127,"Text":null},
{"ID":2128,"Text":null},
{"ID":2129,"Text":null},
{"ID":2130,"Text":"A talisman depicting an axe and a warrior.\nEnhances charge attacks.\n\nThe Lord who led the Long March bore an axe, and his loyal warriors honored him by wielding axes of their own, making them very effective at dealing decisive blows."},
{"ID":2131,"Text":null},
{"ID":2132,"Text":null},
{"ID":2133,"Text":null},
{"ID":2134,"Text":null},
{"ID":2135,"Text":null},
{"ID":2136,"Text":null},
{"ID":2137,"Text":null},
{"ID":2138,"Text":null},
{"ID":2139,"Text":null},
{"ID":2140,"Text":"A talisman depicting a lance and a knight.\nEnhances attacks while on horseback.\n\nKnights on horseback are deadly foes. They see all below from their lofty position, meeting little meaningful resistance as they charge ahead."},
{"ID":2141,"Text":null},
{"ID":2142,"Text":null},
{"ID":2143,"Text":null},
{"ID":2144,"Text":null},
{"ID":2145,"Text":null},
{"ID":2146,"Text":null},
{"ID":2147,"Text":null},
{"ID":2148,"Text":null},
{"ID":2149,"Text":null},
{"ID":2150,"Text":"A talisman depicting three iron arrows.\nCarried by soldiers long ago.\n\nRaises attack power of arrows and bolts."},
{"ID":2151,"Text":null},
{"ID":2152,"Text":null},
{"ID":2153,"Text":null},
{"ID":2154,"Text":null},
{"ID":2155,"Text":null},
{"ID":2156,"Text":null},
{"ID":2157,"Text":null},
{"ID":2158,"Text":null},
{"ID":2159,"Text":null},
{"ID":2160,"Text":"A talisman depicting the exultation of the Lord of Blood.\n\nRaises attack power when blood loss occurs in the vicinity.\n\n\"Render up your offerings of blood to your Lord. Drench my consort's chamber. Slake his cocoon's thirst. His awakening shall herald the dawn of our dynasty.\""},
{"ID":2161,"Text":null},
{"ID":2162,"Text":null},
{"ID":2163,"Text":null},
{"ID":2164,"Text":null},
{"ID":2165,"Text":null},
{"ID":2166,"Text":null},
{"ID":2167,"Text":null},
{"ID":2168,"Text":null},
{"ID":2169,"Text":null},
{"ID":2170,"Text":"A talisman depicting the exultation of pests.\n\nRaises attack power when poisoning or rot occurs in the vicinity.\n\n\"Rot for the scarlet goddess. O scarlet blossoms, flourish in distant lands, and return to us, the unwanted children.\""},
{"ID":2171,"Text":null},
{"ID":2172,"Text":null},
{"ID":2173,"Text":null},
{"ID":2174,"Text":null},
{"ID":2175,"Text":null},
{"ID":2176,"Text":null},
{"ID":2177,"Text":null},
{"ID":2178,"Text":null},
{"ID":2179,"Text":null},
{"ID":2180,"Text":"A talisman depicting a claw and an assassin.\nEnhances jump attacks.\n\nThe assassins of Ravenmount are killers by trade. They assail their victims while dressed as birds of prey."},
{"ID":2181,"Text":null},
{"ID":2182,"Text":null},
{"ID":2183,"Text":null},
{"ID":2184,"Text":null},
{"ID":2185,"Text":null},
{"ID":2186,"Text":null},
{"ID":2187,"Text":null},
{"ID":2188,"Text":null},
{"ID":2189,"Text":null},
{"ID":2190,"Text":"A bronze medallion depicting a roaring giant.\nEnhances roars and breath attacks.\n\nIn ancient times, the giants were mortal enemies of the Erdtree. Their bellowing roars desolated nature, triggered avalanches, and whipped up storms of flame."},
{"ID":2191,"Text":null},
{"ID":2192,"Text":null},
{"ID":2193,"Text":null},
{"ID":2194,"Text":null},
{"ID":2195,"Text":null},
{"ID":2196,"Text":null},
{"ID":2197,"Text":null},
{"ID":2198,"Text":null},
{"ID":2199,"Text":null},
{"ID":2200,"Text":"A talisman depicting a curved sword and a swordsman.\nEnhances guard counters.\n\nIt is said that a blind swordsman was the originator of this technique—the art of allowing one's opponent to strike so as to leave them vulnerable to a well-timed reply."},
{"ID":2201,"Text":null},
{"ID":2202,"Text":null},
{"ID":2203,"Text":null},
{"ID":2204,"Text":null},
{"ID":2205,"Text":null},
{"ID":2206,"Text":null},
{"ID":2207,"Text":null},
{"ID":2208,"Text":null},
{"ID":2209,"Text":null},
{"ID":2210,"Text":"A talisman given by the jars to their friends.\nRaises potency of thrown jars.\n\nThough the jars are brought to life by human flesh and blood, they are all rather kindly folk. Perhaps they were made to be better than their innards."},
{"ID":2211,"Text":null},
{"ID":2212,"Text":null},
{"ID":2213,"Text":null},
{"ID":2214,"Text":null},
{"ID":2215,"Text":null},
{"ID":2216,"Text":null},
{"ID":2217,"Text":null},
{"ID":2218,"Text":null},
{"ID":2219,"Text":null},
{"ID":2220,"Text":"A talisman depicting a set of perfume bottles.\nRaises potency of perfume items.\n\nThere are gardens known only to the perfumers. Whether hidden on the fringes of the highlands, or obscured by shadows inside caves, the flowers blossom in secret, waiting to impart their scent."},
{"ID":3000,"Text":"A talisman depicting a school of graven mages, the nightmare of the academy.\n\nRaises potency of sorceries.\n\nThe primeval current is a forbidden tradition of glintstone sorcery. To those who cleave to its teachings, the act of collecting sorcerers to fashion them into the seeds of stars is but another path of scientific inquiry."},
{"ID":3001,"Text":"A talisman depicting the first school of graven mages—a nightmare that would continue to haunt the academy.\n\nGreatly raises potency of sorceries.\n\nThe primeval current is a forbidden tradition of glintstone sorcery. To those who cleave to its teachings, the act of collecting sorcerers to fashion them into the seeds of stars is but another path of scientific inquiry."},
{"ID":3040,"Text":"A talisman bearing an icon that depicts a group of masked figures.\nRaises potency of incantations.\n\nThe figures represent the flock at prayer, their firm belief in the intangible inspiring even the solitary founder of their religion.\n\nWhat is faith if not an affirmation?"},
{"ID":3041,"Text":null},
{"ID":3042,"Text":null},
{"ID":3043,"Text":null},
{"ID":3044,"Text":null},
{"ID":3045,"Text":null},
{"ID":3046,"Text":null},
{"ID":3047,"Text":null},
{"ID":3048,"Text":null},
{"ID":3049,"Text":null},
{"ID":3050,"Text":"A talisman bearing an icon that depicts a mass of masked figures.\nGreatly raises potency of incantations.\n\nThe figures represent the flock at prayer, their firm belief in the intangible inspiring even the solitary founder of their religion.\n\nWhat is faith if not an affirmation?"},
{"ID":3051,"Text":null},
{"ID":3052,"Text":null},
{"ID":3053,"Text":null},
{"ID":3054,"Text":null},
{"ID":3055,"Text":null},
{"ID":3056,"Text":null},
{"ID":3057,"Text":null},
{"ID":3058,"Text":null},
{"ID":3059,"Text":null},
{"ID":3060,"Text":"A legendary talisman depicting the ancient king whose seat lies at the heart of the storm beyond time.\n\nExtends the duration of sorceries and incantations.\n\nIt is said that the ancient royal city of Farum Azula has been slowly crumbling since time immemorial."},
{"ID":3061,"Text":null},
{"ID":3062,"Text":null},
{"ID":3063,"Text":null},
{"ID":3064,"Text":null},
{"ID":3065,"Text":null},
{"ID":3066,"Text":null},
{"ID":3067,"Text":null},
{"ID":3068,"Text":null},
{"ID":3069,"Text":null},
{"ID":3070,"Text":"A legendary talisman depicting the Elden Lord Radagon.\nShortens the casting time of sorceries and incantations.\n\nAs the husband of Rennala of Caria, the red-haired Radagon studied sorcery, and as the husband of Queen Marika, he studied incantations. Thus did the hero aspire to be complete."},
{"ID":3071,"Text":null},
{"ID":3072,"Text":null},
{"ID":3073,"Text":null},
{"ID":3074,"Text":null},
{"ID":3075,"Text":null},
{"ID":3076,"Text":null},
{"ID":3077,"Text":null},
{"ID":3078,"Text":null},
{"ID":3079,"Text":null},
{"ID":3080,"Text":"An old glintstone blade that has been stained with blood.\n\nReduces FP consumption of sorceries and incantations at the cost of maximum HP.\n\nThe old sorcerers would slice open their hearts with these blades to imbue a primal glintstone with their soul, and thus did they die."},
{"ID":3081,"Text":null},
{"ID":3082,"Text":null},
{"ID":3083,"Text":null},
{"ID":3084,"Text":null},
{"ID":3085,"Text":null},
{"ID":3086,"Text":null},
{"ID":3087,"Text":null},
{"ID":3088,"Text":null},
{"ID":3089,"Text":null},
{"ID":3090,"Text":"A legendary talisman depicting the Elden Lord Godfrey.\nRaises charge attack power of sorceries, incantations, and skills.\n\nGodfrey was a ferocious warrior. When he vowed to become a lord, he took the Beast Regent Serosh upon on his back to suppress the ceaseless lust for battle that raged within."},
{"ID":4000,"Text":"Wrought iron talisman depicting an ancient dragon.\nBoosts physical damage negation.\n\nThe ancient dragons, who ruled in the prehistoric era before the Erdtree, would protect their lord as a wall of living rock.\nAnd so it is that the shape of the dragon has become symbolic of all manner of protections."},
{"ID":4001,"Text":"Wrought iron talisman depicting a duo of ancient dragons.\nGreatly boosts physical damage negation.\n\nThe ancient dragons, who ruled in the prehistoric era before the Erdtree, would protect their lord as a wall of living rock.\nAnd so it is that the shape of the dragon has become symbolic of all manner of protections."},
{"ID":4002,"Text":"Wrought iron talisman depicting a trio of ancient dragons.\nVastly boosts physical damage negation.\n\nThe ancient dragons, who ruled in the prehistoric era before the Erdtree, would protect their lord as a wall of living rock.\nAnd so it is that the shape of the dragon has become symbolic of all manner of protections."},
{"ID":4003,"Text":"Legendary talisman of wrought iron depicting a massive ancient dragon.\nEnormously boosts physical damage negation.\n\nThe ancient dragons, who ruled in the prehistoric era before the Erdtree, would protect their lord as a wall of living rock.\nAnd so it is that the shape of the dragon has become symbolic of all manner of protections."},
{"ID":4004,"Text":null},
{"ID":4005,"Text":null},
{"ID":4006,"Text":null},
{"ID":4007,"Text":null},
{"ID":4008,"Text":null},
{"ID":4009,"Text":null},
{"ID":4010,"Text":"Talisman depicting a blue ancient dragon.\nBoosts magic damage negation.\n\nThe ancient dragons, who ruled in the prehistoric era before the Erdtree, would protect their lord as a wall of living rock.\nAnd so it is that the shape of the dragon has become symbolic of all manner of protections."},
{"ID":4011,"Text":"Talisman depicting a duo of blue ancient dragons.\nGreatly boosts magic damage negation.\n\nThe ancient dragons, who ruled in the prehistoric era before the Erdtree, would protect their lord as a wall of living rock.\nAnd so it is that the shape of the dragon has become symbolic of all manner of protections."},
{"ID":4012,"Text":"Talisman depicting a trio of blue ancient dragons.\nVastly boosts magic damage negation.\n\nThe ancient dragons, who ruled in the prehistoric era before the Erdtree, would protect their lord as a wall of living rock.\nAnd so it is that the shape of the dragon has become symbolic of all manner of protections."},
{"ID":4013,"Text":null},
{"ID":4014,"Text":null},
{"ID":4015,"Text":null},
{"ID":4016,"Text":null},
{"ID":4017,"Text":null},
{"ID":4018,"Text":null},
{"ID":4019,"Text":null},
{"ID":4020,"Text":"Talisman depicting a red ancient dragon.\nBoosts fire damage negation.\n\nThe ancient dragons, who ruled in the prehistoric era before the Erdtree, would protect their lord as a wall of living rock.\nAnd so it is that the shape of the dragon has become symbolic of all manner of protections."},
{"ID":4021,"Text":"Talisman depicting a duo of red ancient dragons.\nGreatly boosts fire damage negation.\n\nThe ancient dragons, who ruled in the prehistoric era before the Erdtree, would protect their lord as a wall of living rock.\nAnd so it is that the shape of the dragon has become symbolic of all manner of protections."},
{"ID":4022,"Text":"Talisman depicting a trio of red ancient dragons.\nVastly boosts fire damage negation.\n\nThe ancient dragons, who ruled in the prehistoric era before the Erdtree, would protect their lord as a wall of living rock.\nAnd so it is that the shape of the dragon has become symbolic of all manner of protections."},
{"ID":4023,"Text":null},
{"ID":4024,"Text":null},
{"ID":4025,"Text":null},
{"ID":4026,"Text":null},
{"ID":4027,"Text":null},
{"ID":4028,"Text":null},
{"ID":4029,"Text":null},
{"ID":4030,"Text":"Talisman depicting a yellow ancient dragon.\nBoosts lightning damage negation.\n\nThe ancient dragons, who ruled in the prehistoric era before the Erdtree, would protect their lord as a wall of living rock.\nAnd so it is that the shape of the dragon has become symbolic of all manner of protections."},
{"ID":4031,"Text":"Talisman depicting a duo of yellow ancient dragons.\nGreatly boosts lightning damage negation.\n\nThe ancient dragons, who ruled in the prehistoric era before the Erdtree, would protect their lord as a wall of living rock.\nAnd so it is that the shape of the dragon has become symbolic of all manner of protections."},
{"ID":4032,"Text":"Talisman depicting a trio of yellow ancient dragons.\nVastly boosts lightning damage negation.\n\nThe ancient dragons, who ruled in the prehistoric era before the Erdtree, would protect their lord as a wall of living rock.\nAnd so it is that the shape of the dragon has become symbolic of all manner of protections."},
{"ID":4033,"Text":null},
{"ID":4034,"Text":null},
{"ID":4035,"Text":null},
{"ID":4036,"Text":null},
{"ID":4037,"Text":null},
{"ID":4038,"Text":null},
{"ID":4039,"Text":null},
{"ID":4040,"Text":"Talisman depicting a golden ancient dragon.\nBoosts holy damage negation.\n\nThe ancient dragons, who ruled in the prehistoric era before the Erdtree, would protect their lord as a wall of living rock.\nAnd so it is that the shape of the dragon has become symbolic of all manner of protections."},
{"ID":4041,"Text":"Talisman depicting a duo of golden ancient dragons.\nGreatly boosts holy damage negation.\n\nThe ancient dragons, who ruled in the prehistoric era before the Erdtree, would protect their lord as a wall of living rock.\nAnd so it is that the shape of the dragon has become symbolic of all manner of protections."},
{"ID":4042,"Text":"Talisman depicting a trio of golden ancient dragons.\nVastly boosts holy damage negation.\n\nThe ancient dragons, who ruled in the prehistoric era before the Erdtree, would protect their lord as a wall of living rock.\nAnd so it is that the shape of the dragon has become symbolic of all manner of protections."},
{"ID":4043,"Text":null},
{"ID":4044,"Text":null},
{"ID":4045,"Text":null},
{"ID":4046,"Text":null},
{"ID":4047,"Text":null},
{"ID":4048,"Text":null},
{"ID":4049,"Text":null},
{"ID":4050,"Text":"Talisman depicting a pearlescent ancient dragon.\nBoosts non-physical damage negation.\n\nThe ancient dragons, who ruled in the prehistoric era before the Erdtree, would protect their lord as a wall of living rock.\nAnd so it is that the shape of the dragon has become symbolic of all manner of protections."},
{"ID":4051,"Text":"Talisman depicting a duo of pearlescent ancient dragons.\nGreatly boosts non-physical damage negation.\n\nThe ancient dragons, who ruled in the prehistoric era before the Erdtree, would protect their lord as a wall of living rock.\nAnd so it is that the shape of the dragon has become symbolic of all manner of protections."},
{"ID":4052,"Text":"Talisman depicting a trio of pearlescent ancient dragons.\nVastly boosts non-physical damage negation.\n\nThe ancient dragons, who ruled in the prehistoric era before the Erdtree, would protect their lord as a wall of living rock.\nAnd so it is that the shape of the dragon has become symbolic of all manner of protections."},
{"ID":4053,"Text":null},
{"ID":4054,"Text":null},
{"ID":4055,"Text":null},
{"ID":4056,"Text":null},
{"ID":4057,"Text":null},
{"ID":4058,"Text":null},
{"ID":4059,"Text":null},
{"ID":4060,"Text":"A talisman fashioned from a scale that embodies the aspects of various creatures.\nSaid to have grown on the human body long ago.\n\nReduces damage taken from critical hits.\n\nA vestige of the crucible of primordial life. Born partially of devolution, it was considered a signifier of the divine in ancient times, but is now increasingly disdained as an impurity as civilization has advanced."},
{"ID":4061,"Text":null},
{"ID":4062,"Text":null},
{"ID":4063,"Text":null},
{"ID":4064,"Text":null},
{"ID":4065,"Text":null},
{"ID":4066,"Text":null},
{"ID":4067,"Text":null},
{"ID":4068,"Text":null},
{"ID":4069,"Text":null},
{"ID":4070,"Text":"A talisman fashioned from feathers that embody the aspects of various creatures.\nSaid to have grown on the human body long ago.\n\nImproves the effectiveness of dodge rolls, but increases damage taken at all times.\n\nA vestige of the crucible of primordial life. Born partially of devolution, it was considered a signifier of the divine in ancient times, but is now increasingly disdained as an impurity as civilization has advanced."},
{"ID":4071,"Text":null},
{"ID":4072,"Text":null},
{"ID":4073,"Text":null},
{"ID":4074,"Text":null},
{"ID":4075,"Text":null},
{"ID":4076,"Text":null},
{"ID":4077,"Text":null},
{"ID":4078,"Text":null},
{"ID":4079,"Text":null},
{"ID":4080,"Text":"A talisman adorned with blue feathers, once used in ancient death rituals.\nRaises defense when HP is low.\n\nThe heart sings when one draws close to death, and thus does one cling so tenaciously to life—to render up a death worth offering."},
{"ID":4081,"Text":null},
{"ID":4082,"Text":null},
{"ID":4083,"Text":null},
{"ID":4084,"Text":null},
{"ID":4085,"Text":null},
{"ID":4086,"Text":null},
{"ID":4087,"Text":null},
{"ID":4088,"Text":null},
{"ID":4089,"Text":null},
{"ID":4090,"Text":"A talisman patterned after shields used in ritual combat held to honor the Erdtree.\n\nRaises defense when HP is at maximum.\n\nThe practice had died out by the age of King Consort Radagon, but remains of the arenas where ritual combat took place can still be found in every land."},
{"ID":4091,"Text":null},
{"ID":4092,"Text":null},
{"ID":4093,"Text":null},
{"ID":4094,"Text":null},
{"ID":4095,"Text":null},
{"ID":4096,"Text":null},
{"ID":4097,"Text":null},
{"ID":4098,"Text":null},
{"ID":4099,"Text":null},
{"ID":4100,"Text":"Talisman depicting a knight holding a greatshield.\nBoosts guarding ability.\n\nThe knights of Leyndell once modelled themselves after the Tree Sentinels. Their purpose is to protect that which deserves protection, and thus the shield always comes before the sword."},
{"ID":4101,"Text":null},
{"ID":4102,"Text":null},
{"ID":4103,"Text":null},
{"ID":4104,"Text":null},
{"ID":4105,"Text":null},
{"ID":4106,"Text":null},
{"ID":4107,"Text":null},
{"ID":4108,"Text":null},
{"ID":4109,"Text":null},
{"ID":4110,"Text":"A talisman fashioned from a bony knot that embodies the aspects of various creatures.\nSaid to have grown on the human body long ago.\n\nReduces damage and impact of headshots taken.\n\nA vestige of the crucible of primordial life. Born partially of devolution, it was considered a signifier of the divine in ancient times, but is now increasingly disdained as an impurity as civilization has advanced."},
{"ID":5000,"Text":"A crimson-colored talisman patterned after an Erdtree seed.\nBoosts HP restoration from the Flask of Crimson Tears.\n\nThe Erdtree was once perfect and eternal, and thus was it believed that Erdtree seeds could not exist."},
{"ID":5001,"Text":null},
{"ID":5002,"Text":null},
{"ID":5003,"Text":null},
{"ID":5004,"Text":null},
{"ID":5005,"Text":null},
{"ID":5006,"Text":null},
{"ID":5007,"Text":null},
{"ID":5008,"Text":null},
{"ID":5009,"Text":null},
{"ID":5010,"Text":"A cerulean-colored talisman patterned after an Erdtree seed.\nBoosts FP restoration from the Flask of Cerulean Tears.\n\nThe Erdtree was once perfect and eternal, and thus was it believed that Erdtree seeds could not exist."},
{"ID":5011,"Text":null},
{"ID":5012,"Text":null},
{"ID":5013,"Text":null},
{"ID":5014,"Text":null},
{"ID":5015,"Text":null},
{"ID":5016,"Text":null},
{"ID":5017,"Text":null},
{"ID":5018,"Text":null},
{"ID":5019,"Text":null},
{"ID":5020,"Text":"Talisman depicting a drop of the Erdtree's sap, a blessed boon.\n\nGradually restores HP.\n\nIt was once thought that the blessed sap of the Erdtree would drip from its boughs forever—but that age of plenty swiftly came to a close, and with time, the Erdtree became more an object of faith."},
{"ID":5021,"Text":null},
{"ID":5022,"Text":null},
{"ID":5023,"Text":null},
{"ID":5024,"Text":null},
{"ID":5025,"Text":null},
{"ID":5026,"Text":null},
{"ID":5027,"Text":null},
{"ID":5028,"Text":null},
{"ID":5029,"Text":null},
{"ID":5030,"Text":"A talisman engraved with a stern likeness of Praetor Rykard, master of Volcano Manor.\n\nRestores HP upon defeating enemies.\n\nWhen Rykard turned to heresy, taking by force became the rule. The gods themselves were no different, after all."},
{"ID":5031,"Text":null},
{"ID":5032,"Text":null},
{"ID":5033,"Text":null},
{"ID":5034,"Text":null},
{"ID":5035,"Text":null},
{"ID":5036,"Text":null},
{"ID":5037,"Text":null},
{"ID":5038,"Text":null},
{"ID":5039,"Text":null},
{"ID":5040,"Text":"Sacred cloth of the Godskin Apostles, made from supple skin sewn together.\n\nSuccessive attacks restore HP.\n\nThe Gloam-Eyed Queen cradles newborn apostles swaddled in this cloth. Soon they will grow to become the death of the gods."},
{"ID":5041,"Text":null},
{"ID":5042,"Text":null},
{"ID":5043,"Text":null},
{"ID":5044,"Text":null},
{"ID":5045,"Text":null},
{"ID":5046,"Text":null},
{"ID":5047,"Text":null},
{"ID":5048,"Text":null},
{"ID":5049,"Text":null},
{"ID":5050,"Text":"An assassin's dagger, misshapen and stained in crimson.\nCritical hits restore HP.\n\nThis charm is modelled after the darkly gleaming blades used in the Night of Black Knives. Those which gave the demigods their first taste of Death."},
{"ID":5051,"Text":null},
{"ID":5052,"Text":null},
{"ID":5053,"Text":null},
{"ID":5054,"Text":null},
{"ID":5055,"Text":null},
{"ID":5056,"Text":null},
{"ID":5057,"Text":null},
{"ID":5058,"Text":null},
{"ID":5059,"Text":null},
{"ID":5060,"Text":"An assassin's dagger, misshapen and stained in cerulean.\nCritical hits restore FP.\n\nThis charm is modelled after the darkly gleaming blades used in the Night of Black Knives. Those which gave the demigods their first taste of Death."},
{"ID":6000,"Text":"Small mysterious bottle with a dark mist sealed within.\n\nEliminates all sound made by the wearer during movement.\n\nA ritual implement used by Roundtable Hold assassins. There was a time when Tarnished who had strayed from guidance feared nothing more than utter silence."},
{"ID":6001,"Text":null},
{"ID":6002,"Text":null},
{"ID":6003,"Text":null},
{"ID":6004,"Text":null},
{"ID":6005,"Text":null},
{"ID":6006,"Text":null},
{"ID":6007,"Text":null},
{"ID":6008,"Text":null},
{"ID":6009,"Text":null},
{"ID":6010,"Text":"Talisman put together from dark cloth with a lustrous sheen.\n\nCompletely conceals the wearer's presence while crouching at a distance from foes.\n\nPart of one of the concealing veils used by the assassins on the Night of Black Knives."},
{"ID":6011,"Text":null},
{"ID":6012,"Text":null},
{"ID":6013,"Text":null},
{"ID":6014,"Text":null},
{"ID":6015,"Text":null},
{"ID":6016,"Text":null},
{"ID":6017,"Text":null},
{"ID":6018,"Text":null},
{"ID":6019,"Text":null},
{"ID":6020,"Text":"A talisman adorned with the royal crest.\n\nLowers FP consumed by skills.\n\nAn honor said to have once been awarded to Carian knights who served as direct retainers to the kingdom's princesses. Now there is only one princess: Ranni, daughter of Rennala."},
{"ID":6040,"Text":"A brooch depicting Lacrima, the long-tailed cat.\n\nGrants immunity to fall damage, but does not prevent death from a high fall.\n\nLacrima features in the fables of Raya Lucaria, in which she is described as a faerie cat who was fond of playing in the great bell tower."},
{"ID":6041,"Text":null},
{"ID":6042,"Text":null},
{"ID":6043,"Text":null},
{"ID":6044,"Text":null},
{"ID":6045,"Text":null},
{"ID":6046,"Text":null},
{"ID":6047,"Text":null},
{"ID":6048,"Text":null},
{"ID":6049,"Text":null},
{"ID":6050,"Text":"Disturbing likeness of a man whose eyes have been gouged out.\nThe corners of his mouth are upturned in an almost flirtatious manner.\n\nConstantly attracts enemies' aggression.\n\nIt is said that the man, named Shabriri, had his eyes gouged out as punishment for the crime of slander, and, with time, the blight of the flame of frenzy came to dwell in the empty sockets."},
{"ID":6051,"Text":null},
{"ID":6052,"Text":null},
{"ID":6053,"Text":null},
{"ID":6054,"Text":null},
{"ID":6055,"Text":null},
{"ID":6056,"Text":null},
{"ID":6057,"Text":null},
{"ID":6058,"Text":null},
{"ID":6059,"Text":null},
{"ID":6060,"Text":"Disturbing likeness of a woman whose skin was flayed.\nShe smiles with a serene tenderness.\n\nIncreases damage taken.\n\nIt is said that this woman, named Daedicar, indulged in every form of adultery and wicked pleasure imaginable, giving birth to a myriad of grotesque children."},
{"ID":6061,"Text":null},
{"ID":6062,"Text":null},
{"ID":6063,"Text":null},
{"ID":6064,"Text":null},
{"ID":6065,"Text":null},
{"ID":6066,"Text":null},
{"ID":6067,"Text":null},
{"ID":6068,"Text":null},
{"ID":6069,"Text":null},
{"ID":6070,"Text":"A talisman fashioned from a dried twig, so slender that it might snap at the slightest touch.\n\nPrevents rune loss upon death, but will be lost itself in exchange.\n\nBelieved to be a twig pruned from the Erdtree long, long ago."},
{"ID":6071,"Text":null},
{"ID":6072,"Text":null},
{"ID":6073,"Text":null},
{"ID":6074,"Text":null},
{"ID":6075,"Text":null},
{"ID":6076,"Text":null},
{"ID":6077,"Text":null},
{"ID":6078,"Text":null},
{"ID":6079,"Text":null},
{"ID":6080,"Text":"A small, clouded mirror that reflects an image of a golden figure.\n\nMakes the bearer take on the appearance of a Host of Fingers.\n\nOne of the ritual implements created by the Tarnished to deceive invaders."},
{"ID":6081,"Text":null},
{"ID":6082,"Text":null},
{"ID":6083,"Text":null},
{"ID":6084,"Text":null},
{"ID":6085,"Text":null},
{"ID":6086,"Text":null},
{"ID":6087,"Text":null},
{"ID":6088,"Text":null},
{"ID":6089,"Text":null},
{"ID":6090,"Text":"A small, clouded mirror that reflects a flesh-and-blood figure.\n\nMakes the bearer take on the appearance of a summoned cooperator.\n\nOne of the ritual implements created by the Tarnished to deceive invaders."},
{"ID":6091,"Text":null},
{"ID":6092,"Text":null},
{"ID":6093,"Text":null},
{"ID":6094,"Text":null},
{"ID":6095,"Text":null},
{"ID":6096,"Text":null},
{"ID":6097,"Text":null},
{"ID":6098,"Text":null},
{"ID":6099,"Text":null},
{"ID":6100,"Text":"Mysterious circular object that's oddly warped.\nChanges the demeanour of the wearer's actions."},
{"ID":6101,"Text":null},
{"ID":6102,"Text":null},
{"ID":6103,"Text":null},
{"ID":6104,"Text":null},
{"ID":6105,"Text":null},
{"ID":6106,"Text":null},
{"ID":6107,"Text":null},
{"ID":6108,"Text":null},
{NEWENTRIES}
{"ID":6109,"Text":null},
{"ID":6110,"Text":"Item cut from the horns of the Regal Ancestor Spirit.\n\nRestore FP upon defeating enemies.\n\nA number of new growths bud from the antler-like horns of the fallen king, each glowing with light. Thus does new life grow from death, and from death, one obtains power."}
],"Version":2,"BigEndian":false,"Compression":1}}