{"FmgID":12,"Fmg":{"Entries":[
{"ID":200,"Text":null},
{"ID":1000,"Text":"Type 1"},
{"ID":1100,"Text":"Type 2"},
{NEWENTRIES}
{"ID":1200,"Text":"Type 3"},
{"ID":1300,"Text":"Type 4"},
{"ID":1400,"Text":"Type 5"},
{"ID":1500,"Text":"Type 6"},
{"ID":1600,"Text":"Type 7"},
{"ID":1700,"Text":"Type 8"},
{"ID":1800,"Text":"Type 9"},
{"ID":1900,"Text":"Type 10"},
{"ID":2000,"Text":"Type 11"},
{"ID":2100,"Text":"Type 12"},
{"ID":2200,"Text":"Type 13"},
{"ID":2300,"Text":"Type 14"},
{"ID":2400,"Text":"Type 15"},
{"ID":2500,"Text":"Type 16"},
{"ID":2600,"Text":"Type 17"},
{"ID":2700,"Text":"Type 18"},
{"ID":2800,"Text":"Type 19"},
{"ID":2900,"Text":"Type 20"},
{"ID":3000,"Text":"Type 1"},
{"ID":3100,"Text":"Type 2"},
{"ID":3200,"Text":"Type 3"},
{"ID":3300,"Text":"Type 4"},
{"ID":3400,"Text":"Type 5"},
{"ID":3500,"Text":"Type 6"},
{"ID":3600,"Text":"Type 7"},
{"ID":3700,"Text":"Type 8"},
{"ID":3800,"Text":"Type 9"},
{"ID":3900,"Text":"Type 10"},
{"ID":4000,"Text":"Type 11"},
{"ID":4100,"Text":"Type 12"},
{"ID":4200,"Text":"Type 13"},
{"ID":4300,"Text":"Type 14"},
{"ID":4400,"Text":"Type 15"},
{"ID":4500,"Text":"Type 16"},
{"ID":4600,"Text":"Type 17"},
{"ID":4700,"Text":"Type 18"},
{"ID":4800,"Text":"Type 19"},
{"ID":4900,"Text":"Type 20"},
{"ID":5000,"Text":"Travel Hairstyle"},
{"ID":10000,"Text":"Head"},
{"ID":10100,"Text":"Body"},
{"ID":10200,"Text":"Arms"},
{"ID":10300,"Text":"Legs"},
{"ID":40000,"Text":"Iron Helmet"},
{"ID":40100,"Text":"Scale Armor"},
{"ID":40200,"Text":"Iron Gauntlets"},
{"ID":40300,"Text":"Leather Trousers"},
{"ID":50000,"Text":"Kaiden Helm"},
{"ID":50100,"Text":"Kaiden Armor"},
{"ID":50200,"Text":"Kaiden Gauntlets"},
{"ID":50300,"Text":"Kaiden Trousers"},
{"ID":60000,"Text":"Drake Knight Helm"},
{"ID":60100,"Text":"Drake Knight Armor"},
{"ID":60200,"Text":"Drake Knight Gauntlets"},
{"ID":60300,"Text":"Drake Knight Greaves"},
{"ID":61000,"Text":"Drake Knight Helm (Altered)"},
{"ID":61100,"Text":"Drake Knight Armor (Altered)"},
{"ID":80000,"Text":"Scaled Helm"},
{"ID":80100,"Text":"Scaled Armor"},
{"ID":80200,"Text":"Scaled Gauntlets"},
{"ID":80300,"Text":"Scaled Greaves"},
{"ID":81100,"Text":"Scaled Armor (Altered)"},
{"ID":90000,"Text":"Perfumer Hood"},
{"ID":90100,"Text":"Perfumer Robe"},
{"ID":90200,"Text":"Perfumer Gloves"},
{"ID":90300,"Text":"Perfumer Sarong"},
{"ID":91100,"Text":"Perfumer Robe (Altered)"},
{"ID":100000,"Text":"Traveler's Hat"},
{"ID":100100,"Text":"Perfumer's Traveling Garb"},
{"ID":100200,"Text":"Traveler's Gloves"},
{"ID":100300,"Text":"Traveler's Slops"},
{"ID":101100,"Text":"Perfumer's Traveling Garb (Altered)"},
{"ID":120000,"Text":"Alberich's Pointed Hat"},
{"ID":120100,"Text":"Alberich's Robe"},
{"ID":120200,"Text":"Alberich's Bracers"},
{"ID":120300,"Text":"Alberich's Trousers"},
{"ID":121000,"Text":"Alberich's Pointed Hat (Altered)"},
{"ID":121100,"Text":"Alberich's Robe (Altered)"},
{"ID":130000,"Text":"Spellblade's Pointed Hat"},
{"ID":130100,"Text":"Spellblade's Traveling Attire"},
{"ID":130200,"Text":"Spellblade's Gloves"},
{"ID":130300,"Text":"Spellblade's Trousers"},
{"ID":131100,"Text":"Spellblade's Traveling Attire (Altered)"},
{"ID":140000,"Text":"Bull-Goat Helm"},
{"ID":140100,"Text":"Bull-Goat Armor"},
{"ID":140200,"Text":"Bull-Goat Gauntlets"},
{"ID":140300,"Text":"Bull-Goat Greaves"},
{"ID":150000,"Text":"Iron Kasa"},
{"ID":150100,"Text":"Ronin's Armor"},
{"ID":150200,"Text":"Ronin's Gauntlets"},
{"ID":150300,"Text":"Ronin's Greaves"},
{"ID":151100,"Text":"Ronin's Armor (Altered)"},
{"ID":160000,"Text":"Guilty Hood"},
{"ID":160100,"Text":"Cloth Garb"},
{"ID":160200,"Text":"Tarnished Wrap"},
{"ID":160300,"Text":"Cloth Trousers"},
{"ID":170000,"Text":"Black Wolf Mask"},
{"ID":170100,"Text":"Blaidd's Armor"},
{"ID":170200,"Text":"Blaidd's Gauntlets"},
{"ID":170300,"Text":"Blaidd's Greaves"},
{"ID":171100,"Text":"Blaidd's Armor (Altered)"},
{"ID":180000,"Text":"Black Knife Hood"},
{"ID":180100,"Text":"Black Knife Armor"},
{"ID":180200,"Text":"Black Knife Gauntlets"},
{"ID":180300,"Text":"Black Knife Greaves"},
{"ID":181100,"Text":"Black Knife Armor (Altered)"},
{"ID":190000,"Text":"Exile Hood"},
{"ID":190100,"Text":"Exile Armor"},
{"ID":190200,"Text":"Exile Gauntlets"},
{"ID":190300,"Text":"Exile Greaves"},
{"ID":200000,"Text":"Banished Knight Helm"},
{"ID":200100,"Text":"Banished Knight Armor"},
{"ID":200200,"Text":"Banished Knight Gauntlets"},
{"ID":200300,"Text":"Banished Knight Greaves"},
{"ID":201000,"Text":"Banished Knight Helm (Altered)"},
{"ID":201100,"Text":"Banished Knight Armor (Altered)"},
{"ID":210000,"Text":"Briar Helm"},
{"ID":210100,"Text":"Briar Armor"},
{"ID":210200,"Text":"Briar Gauntlets"},
{"ID":210300,"Text":"Briar Greaves"},
{"ID":211100,"Text":"Briar Armor (Altered)"},
{"ID":220000,"Text":"Page Hood"},
{"ID":220100,"Text":"Page Garb"},
{"ID":220300,"Text":"Page Trousers"},
{"ID":221100,"Text":"Page Garb (Altered)"},
{"ID":230000,"Text":"Night's Cavalry Helm"},
{"ID":230100,"Text":"Night's Cavalry Armor"},
{"ID":230200,"Text":"Night's Cavalry Gauntlets"},
{"ID":230300,"Text":"Night's Cavalry Greaves"},
{"ID":231000,"Text":"Night's Cavalry Helm (Altered)"},
{"ID":231100,"Text":"Night's Cavalry Armor (Altered)"},
{"ID":240000,"Text":"Blue Silver Mail Hood"},
{"ID":240100,"Text":"Blue Silver Mail Armor"},
{"ID":240200,"Text":"Blue Silver Bracelets"},
{"ID":240300,"Text":"Blue Silver Mail Skirt"},
{"ID":241100,"Text":"Blue Silver Mail Armor (Altered)"},
{"ID":250000,"Text":"Nomadic Merchant's Chapeau"},
{"ID":250100,"Text":"Nomadic Merchant's Finery"},
{"ID":250300,"Text":"Nomadic Merchant's Trousers"},
{"ID":251100,"Text":"Nomadic Merchant's Finery (Altered)"},
{"ID":260000,"Text":"Malformed Dragon Helm"},
{"ID":260100,"Text":"Malformed Dragon Armor"},
{"ID":260200,"Text":"Malformed Dragon Gauntlets"},
{"ID":260300,"Text":"Malformed Dragon Greaves"},
{"ID":270000,"Text":"Tree Sentinel Helm"},
{"ID":270100,"Text":"Tree Sentinel Armor"},
{"ID":270200,"Text":"Tree Sentinel Gauntlets"},
{"ID":270300,"Text":"Tree Sentinel Greaves"},
{"ID":271100,"Text":"Tree Sentinel Armor (Altered)"},
{"ID":280000,"Text":"Royal Knight Helm"},
{"ID":280100,"Text":"Royal Knight Armor"},
{"ID":280200,"Text":"Royal Knight Gauntlets"},
{"ID":280300,"Text":"Royal Knight Greaves"},
{"ID":281100,"Text":"Royal Knight Armor (Altered)"},
{"ID":290000,"Text":"Nox Monk Hood"},
{"ID":290100,"Text":"Nox Monk Armor"},
{"ID":290200,"Text":"Nox Bracelets"},
{"ID":290300,"Text":"Nox Greaves"},
{"ID":291000,"Text":"Nox Monk Hood (Altered)"},
{"ID":291100,"Text":"Nox Monk Armor (Altered)"},
{"ID":292000,"Text":"Nox Swordstress Crown"},
{"ID":292100,"Text":"Nox Swordstress Armor"},
{"ID":293000,"Text":"Night Maiden Twin Crown"},
{"ID":293100,"Text":"Night Maiden Armor"},
{"ID":294000,"Text":"Nox Swordstress Crown (Altered)"},
{"ID":294100,"Text":"Nox Swordstress Armor (Altered)"},
{"ID":300000,"Text":"Great Horned Headband"},
{"ID":300100,"Text":"Fur Raiment"},
{"ID":300300,"Text":"Fur Leggings"},
{"ID":301000,"Text":"Shining Horned Headband"},
{"ID":301100,"Text":"Shaman Furs"},
{"ID":301300,"Text":"Shaman Leggings"},
{"ID":310000,"Text":"Duelist Helm"},
{"ID":310100,"Text":"Gravekeeper Cloak"},
{"ID":310300,"Text":"Duelist Greaves"},
{"ID":311100,"Text":"Gravekeeper Cloak (Altered)"},
{"ID":320000,"Text":"Sanguine Noble Hood"},
{"ID":320100,"Text":"Sanguine Noble Robe"},
{"ID":320300,"Text":"Sanguine Noble Waistcloth"},
{"ID":330000,"Text":"Guardian Mask"},
{"ID":330100,"Text":"Guardian Garb (Full Bloom)"},
{"ID":330200,"Text":"Guardian Bracers"},
{"ID":330300,"Text":"Guardian Greaves"},
{"ID":331100,"Text":"Guardian Garb"},
{"ID":340000,"Text":"Cleanrot Helm"},
{"ID":340100,"Text":"Cleanrot Armor"},
{"ID":340200,"Text":"Cleanrot Gauntlets"},
{"ID":340300,"Text":"Cleanrot Greaves"},
{"ID":341000,"Text":"Cleanrot Helm (Altered)"},
{"ID":341100,"Text":"Cleanrot Armor (Altered)"},
{"ID":350000,"Text":"Fire Monk Hood"},
{"ID":350100,"Text":"Fire Monk Armor"},
{"ID":350200,"Text":"Fire Monk Gauntlets"},
{"ID":350300,"Text":"Fire Monk Greaves"},
{"ID":351000,"Text":"Blackflame Monk Hood"},
{"ID":351100,"Text":"Blackflame Monk Armor"},
{"ID":351200,"Text":"Blackflame Monk Gauntlets"},
{"ID":351300,"Text":"Blackflame Monk Greaves"},
{"ID":360000,"Text":"Fire Prelate Helm"},
{"ID":360100,"Text":"Fire Prelate Armor"},
{"ID":360200,"Text":"Fire Prelate Gauntlets"},
{"ID":360300,"Text":"Fire Prelate Greaves"},
{"ID":361100,"Text":"Fire Prelate Armor (Altered)"},
{"ID":370000,"Text":"Aristocrat Headband"},
{"ID":370100,"Text":"Aristocrat Garb"},
{"ID":370300,"Text":"Aristocrat Boots"},
{"ID":371100,"Text":"Aristocrat Garb (Altered)"},
{"ID":380000,"Text":"Aristocrat Hat"},
{"ID":380100,"Text":"Aristocrat Coat"},
{"ID":390000,"Text":"Old Aristocrat Cowl"},
{"ID":390100,"Text":"Old Aristocrat Gown"},
{"ID":390300,"Text":"Old Aristocrat Shoes"},
{"ID":420000,"Text":"Vulgar Militia Helm"},
{"ID":420100,"Text":"Vulgar Militia Armor"},
{"ID":420200,"Text":"Vulgar Militia Gauntlets"},
{"ID":420300,"Text":"Vulgar Militia Greaves"},
{"ID":430000,"Text":"Sage Hood"},
{"ID":430100,"Text":"Sage Robe"},
{"ID":430300,"Text":"Sage Trousers"},
{"ID":440000,"Text":"Pumpkin Helm"},
{"ID":460000,"Text":"Elden Lord Crown"},
{"ID":460100,"Text":"Elden Lord Armor"},
{"ID":460200,"Text":"Elden Lord Bracers"},
{"ID":460300,"Text":"Elden Lord Greaves"},
{"ID":461100,"Text":"Elden Lord Armor (Altered)"},
{"ID":470000,"Text":"Radahn's Redmane Helm"},
{"ID":470100,"Text":"Radahn's Lion Armor"},
{"ID":470200,"Text":"Radahn's Gauntlets"},
{"ID":470300,"Text":"Radahn's Greaves"},
{"ID":471100,"Text":"Radahn's Lion Armor (Altered)"},
{"ID":480100,"Text":"Lord of Blood's Robe"},
{"ID":481100,"Text":"Lord of Blood's Robe (Altered)"},
{"ID":510000,"Text":"Queen's Crescent Crown"},
{"ID":510100,"Text":"Queen's Robe"},
{"ID":510200,"Text":"Queen's Bracelets"},
{"ID":510300,"Text":"Queen's Leggings"},
{"ID":520000,"Text":"Godskin Apostle Hood"},
{"ID":520100,"Text":"Godskin Apostle Robe"},
{"ID":520200,"Text":"Godskin Apostle Bracelets"},
{"ID":520300,"Text":"Godskin Apostle Trousers"},
{"ID":530000,"Text":"Godskin Noble Hood"},
{"ID":530100,"Text":"Godskin Noble Robe"},
{"ID":530200,"Text":"Godskin Noble Bracelets"},
{"ID":530300,"Text":"Godskin Noble Trousers"},
{"ID":540000,"Text":"Depraved Perfumer Headscarf"},
{"ID":540100,"Text":"Depraved Perfumer Robe"},
{"ID":540200,"Text":"Depraved Perfumer Gloves"},
{"ID":540300,"Text":"Depraved Perfumer Trousers"},
{"ID":541100,"Text":"Depraved Perfumer Robe (Altered)"},
{"ID":570000,"Text":"Crucible Axe Helm"},
{"ID":570100,"Text":"Crucible Axe Armor"},
{"ID":570200,"Text":"Crucible Gauntlets"},
{"ID":570300,"Text":"Crucible Greaves"},
{"ID":571000,"Text":"Crucible Tree Helm"},
{"ID":571100,"Text":"Crucible Tree Armor"},
{"ID":572100,"Text":"Crucible Axe Armor (Altered)"},
{"ID":573100,"Text":"Crucible Tree Armor (Altered)"},
{"ID":580000,"Text":"Lusat's Glintstone Crown"},
{"ID":580100,"Text":"Lusat's Robe"},
{"ID":580200,"Text":"Lusat's Manchettes"},
{"ID":580300,"Text":"Old Sorcerer's Legwraps"},
{"ID":581000,"Text":"Azur's Glintstone Crown"},
{"ID":581100,"Text":"Azur's Glintstone Robe"},
{"ID":581200,"Text":"Azur's Manchettes"},
{"ID":590000,"Text":"All-Knowing Helm"},
{"ID":590100,"Text":"All-Knowing Armor"},
{"ID":590200,"Text":"All-Knowing Gauntlets"},
{"ID":590300,"Text":"All-Knowing Greaves"},
{"ID":591100,"Text":"All-Knowing Armor (Altered)"},
{"ID":600000,"Text":"Twinned Helm"},
{"ID":600100,"Text":"Twinned Armor"},
{"ID":600200,"Text":"Twinned Gauntlets"},
{"ID":600300,"Text":"Twinned Greaves"},
{"ID":601100,"Text":"Twinned Armor (Altered)"},
{"ID":601300,"Text":"Twinned Greaves (Altered)"},
{"ID":610000,"Text":"Ragged Hat"},
{"ID":610100,"Text":"Ragged Armor"},
{"ID":610200,"Text":"Ragged Gloves"},
{"ID":610300,"Text":"Ragged Loincloth"},
{"ID":611000,"Text":"Ragged Hat (Altered)"},
{"ID":611100,"Text":"Ragged Armor (Altered)"},
{"ID":620000,"Text":"Prophet Blindfold"},
{"ID":620100,"Text":"Corhyn's Robe"},
{"ID":620300,"Text":"Prophet Trousers"},
{"ID":621100,"Text":"Prophet Robe (Altered)"},
{"ID":622100,"Text":"Prophet Robe"},
{"ID":630000,"Text":"Astrologer Hood"},
{"ID":630100,"Text":"Astrologer Robe"},
{"ID":630200,"Text":"Astrologer Gloves"},
{"ID":630300,"Text":"Astrologer Trousers"},
{"ID":631100,"Text":"Astrologer Robe (Altered)"},
{"ID":640000,"Text":"Lionel's Helm"},
{"ID":640100,"Text":"Lionel's Armor"},
{"ID":640200,"Text":"Lionel's Gauntlets"},
{"ID":640300,"Text":"Lionel's Greaves"},
{"ID":641100,"Text":"Lionel's Armor (Altered)"},
{"ID":650000,"Text":"Hoslow's Helm"},
{"ID":650100,"Text":"Hoslow's Armor"},
{"ID":650200,"Text":"Hoslow's Gauntlets"},
{"ID":650300,"Text":"Hoslow's Greaves"},
{"ID":651000,"Text":"Diallos's Mask"},
{"ID":652100,"Text":"Hoslow's Armor (Altered)"},
{"ID":660000,"Text":"Vagabond Knight Helm"},
{"ID":660100,"Text":"Vagabond Knight Armor"},
{"ID":660200,"Text":"Vagabond Knight Gauntlets"},
{"ID":660300,"Text":"Vagabond Knight Greaves"},
{"ID":661100,"Text":"Vagabond Knight Armor (Altered)"},
{"ID":670000,"Text":"Blue Cloth Cowl"},
{"ID":670100,"Text":"Blue Cloth Vest"},
{"ID":670200,"Text":"Warrior Gauntlets"},
{"ID":670300,"Text":"Warrior Greaves"},
{"ID":680000,"Text":"White Mask"},
{"ID":680100,"Text":"War Surgeon Gown"},
{"ID":680200,"Text":"War Surgeon Gloves"},
{"ID":680300,"Text":"War Surgeon Trousers"},
{"ID":681100,"Text":"War Surgeon Gown (Altered)"},
{"ID":690000,"Text":"Royal Remains Helm"},
{"ID":690100,"Text":"Royal Remains Armor"},
{"ID":690200,"Text":"Royal Remains Gauntlets"},
{"ID":690300,"Text":"Royal Remains Greaves"},
{"ID":700000,"Text":"Brave's Cord Circlet"},
{"ID":700100,"Text":"Brave's Battlewear"},
{"ID":700200,"Text":"Brave's Bracer"},
{"ID":700300,"Text":"Brave's Legwraps"},
{"ID":701000,"Text":"Brave's Leather Helm"},
{"ID":702000,"Text":"Brave's Battlewear (Altered)"},
{"ID":720000,"Text":"Beast Champion Helm"},
{"ID":720100,"Text":"Beast Champion Armor"},
{"ID":720200,"Text":"Beast Champion Gauntlets"},
{"ID":720300,"Text":"Beast Champion Greaves"},
{"ID":721100,"Text":"Beast Champion Armor (Altered)"},
{"ID":730000,"Text":"Champion Headband"},
{"ID":730100,"Text":"Champion Pauldron"},
{"ID":730200,"Text":"Champion Bracers"},
{"ID":730300,"Text":"Champion Gaiters"},
{"ID":740000,"Text":"Crimson Hood"},
{"ID":740100,"Text":"Noble's Traveling Garb"},
{"ID":740200,"Text":"Noble's Gloves"},
{"ID":740300,"Text":"Noble's Trousers"},
{"ID":741000,"Text":"Navy Hood"},
{"ID":760000,"Text":"Maliketh's Helm"},
{"ID":760100,"Text":"Maliketh's Armor"},
{"ID":760200,"Text":"Maliketh's Gauntlets"},
{"ID":760300,"Text":"Maliketh's Greaves"},
{"ID":761100,"Text":"Maliketh's Armor (Altered)"},
{"ID":770000,"Text":"Malenia's Winged Helm"},
{"ID":770100,"Text":"Malenia's Armor"},
{"ID":770200,"Text":"Malenia's Gauntlet"},
{"ID":770300,"Text":"Malenia's Greaves"},
{"ID":771100,"Text":"Malenia's Armor (Altered)"},
{"ID":780000,"Text":"Veteran's Helm"},
{"ID":780100,"Text":"Veteran's Armor"},
{"ID":780200,"Text":"Veteran's Gauntlets"},
{"ID":780300,"Text":"Veteran's Greaves"},
{"ID":781100,"Text":"Veteran's Armor (Altered)"},
{"ID":790000,"Text":"Bloodhound Knight Helm"},
{"ID":790100,"Text":"Bloodhound Knight Armor"},
{"ID":790200,"Text":"Bloodhound Knight Gauntlets"},
{"ID":790300,"Text":"Bloodhound Knight Greaves"},
{"ID":791100,"Text":"Bloodhound Knight Armor (Altered)"},
{"ID":800000,"Text":"Festive Hood"},
{"ID":800100,"Text":"Festive Garb"},
{"ID":801000,"Text":"Festive Hood (Altered)"},
{"ID":801100,"Text":"Festive Garb (Altered)"},
{"ID":802000,"Text":"Blue Festive Hood"},
{"ID":802100,"Text":"Blue Festive Garb"},
{"ID":810000,"Text":"Commoner's Headband"},
{"ID":810100,"Text":"Commoner's Garb"},
{"ID":810300,"Text":"Commoner's Shoes"},
{"ID":811000,"Text":"Commoner's Headband (Altered)"},
{"ID":811100,"Text":"Commoner's Garb (Altered)"},
{"ID":812000,"Text":"Commoner's Simple Garb"},
{"ID":812100,"Text":"Commoner's Simple Garb (Altered)"},
{"ID":820000,"Text":"Envoy Crown"},
{"ID":830000,"Text":"Twinsage Glintstone Crown"},
{"ID":830100,"Text":"Raya Lucarian Robe"},
{"ID":830200,"Text":"Sorcerer Manchettes"},
{"ID":830300,"Text":"Sorcerer Leggings"},
{"ID":831000,"Text":"Olivinus Glintstone Crown"},
{"ID":832000,"Text":"Lazuli Glintstone Crown"},
{"ID":833000,"Text":"Karolos Glintstone Crown"},
{"ID":834000,"Text":"Witch's Glintstone Crown"},
{"ID":834100,"Text":null},
{"ID":840000,"Text":"Marionette Soldier Helm"},
{"ID":840100,"Text":"Marionette Soldier Armor"},
{"ID":850000,"Text":"Marionette Soldier Birdhelm"},
{"ID":860000,"Text":"Raging Wolf Helm"},
{"ID":860100,"Text":"Raging Wolf Armor"},
{"ID":860200,"Text":"Raging Wolf Gauntlets"},
{"ID":860300,"Text":"Raging Wolf Greaves"},
{"ID":861100,"Text":"Raging Wolf Armor (Altered)"},
{"ID":870000,"Text":"Land of Reeds Helm"},
{"ID":870100,"Text":"Land of Reeds Armor"},
{"ID":870200,"Text":"Land of Reeds Gauntlets"},
{"ID":870300,"Text":"Land of Reeds Greaves"},
{"ID":871100,"Text":"Land of Reeds Armor (Altered)"},
{"ID":872000,"Text":"Okina Mask"},
{"ID":872100,"Text":"White Reed Armor"},
{"ID":872200,"Text":"White Reed Gauntlets"},
{"ID":872300,"Text":"White Reed Greaves"},
{"ID":880000,"Text":"Confessor Hood"},
{"ID":880100,"Text":"Confessor Armor"},
{"ID":880200,"Text":"Confessor Gloves"},
{"ID":880300,"Text":"Confessor Boots"},
{"ID":881000,"Text":"Confessor Hood (Altered)"},
{"ID":881100,"Text":"Confessor Armor (Altered)"},
{"ID":890000,"Text":"Prisoner Iron Mask"},
{"ID":890100,"Text":"Prisoner Clothing"},
{"ID":890300,"Text":"Prisoner Trousers"},
{"ID":891000,"Text":"Blackguard's Iron Mask"},
{"ID":900000,"Text":"Traveling Maiden Hood"},
{"ID":900100,"Text":"Traveling Maiden Robe"},
{"ID":900200,"Text":"Traveling Maiden Gloves"},
{"ID":900300,"Text":"Traveling Maiden Boots"},
{"ID":901100,"Text":"Traveling Maiden Robe (Altered)"},
{"ID":902000,"Text":"Finger Maiden Fillet"},
{"ID":902100,"Text":"Finger Maiden Robe"},
{"ID":902300,"Text":"Finger Maiden Shoes"},
{"ID":903100,"Text":"Finger Maiden Robe (Altered)"},
{"ID":910000,"Text":"Preceptor's Big Hat"},
{"ID":910100,"Text":"Preceptor's Long Gown"},
{"ID":910200,"Text":"Preceptor's Gloves"},
{"ID":910300,"Text":"Preceptor's Trousers"},
{"ID":911000,"Text":"Mask of Confidence"},
{"ID":911100,"Text":"Preceptor's Long Gown (Altered)"},
{"ID":920000,"Text":"Grass Hair Ornament"},
{"ID":930000,"Text":"Skeletal Mask"},
{"ID":930100,"Text":"Raptor's Black Feathers"},
{"ID":930200,"Text":"Bandit Manchettes"},
{"ID":930300,"Text":"Bandit Boots"},
{"ID":931100,"Text":"Bandit Garb"},
{"ID":940000,"Text":"Eccentric's Hood"},
{"ID":940100,"Text":"Eccentric's Armor"},
{"ID":940200,"Text":"Eccentric's Manchettes"},
{"ID":940300,"Text":"Eccentric's Breeches"},
{"ID":941000,"Text":"Eccentric's Hood (Altered)"},
{"ID":950000,"Text":"Fingerprint Helm"},
{"ID":950100,"Text":"Fingerprint Armor"},
{"ID":950200,"Text":"Fingerprint Gauntlets"},
{"ID":950300,"Text":"Fingerprint Greaves"},
{"ID":951100,"Text":"Fingerprint Armor (Altered)"},
{"ID":960000,"Text":"Consort's Mask"},
{"ID":960100,"Text":"Consort's Robe"},
{"ID":960300,"Text":"Consort's Trousers"},
{"ID":961000,"Text":"Ruler's Mask"},
{"ID":961100,"Text":"Ruler's Robe"},
{"ID":962100,"Text":"Upper-Class Robe"},
{"ID":963000,"Text":"Marais Mask"},
{"ID":963100,"Text":"Marais Robe"},
{"ID":963200,"Text":"Bloodsoaked Manchettes"},
{"ID":964000,"Text":"Bloodsoaked Mask"},
{"ID":964100,"Text":"Official's Attire"},
{"ID":970000,"Text":"Omen Helm"},
{"ID":970100,"Text":"Omen Armor"},
{"ID":970200,"Text":"Omen Gauntlets"},
{"ID":970300,"Text":"Omen Greaves"},
{"ID":980000,"Text":"Carian Knight Helm"},
{"ID":980100,"Text":"Carian Knight Armor"},
{"ID":980200,"Text":"Carian Knight Gauntlets"},
{"ID":980300,"Text":"Carian Knight Greaves"},
{"ID":981100,"Text":"Carian Knight Armor (Altered)"},
{"ID":990000,"Text":"Hierodas Glintstone Crown"},
{"ID":990100,"Text":"Errant Sorcerer Robe"},
{"ID":990200,"Text":"Errant Sorcerer Manchettes"},
{"ID":990300,"Text":"Errant Sorcerer Boots"},
{"ID":991100,"Text":"Errant Sorcerer Robe (Altered)"},
{"ID":1000000,"Text":"Haima Glintstone Crown"},
{"ID":1000100,"Text":"Battlemage Robe"},
{"ID":1000200,"Text":"Battlemage Manchettes"},
{"ID":1000300,"Text":"Battlemage Legwraps"},
{"ID":1010000,"Text":"Snow Witch Hat"},
{"ID":1010100,"Text":"Snow Witch Robe"},
{"ID":1010300,"Text":"Snow Witch Skirt"},
{"ID":1011100,"Text":"Snow Witch Robe (Altered)"},
{"ID":1020100,"Text":"Traveler's Clothes"},
{"ID":1020200,"Text":"Traveler's Manchettes"},
{"ID":1020300,"Text":"Traveler's Boots"},
{"ID":1030000,"Text":"Juvenile Scholar Cap"},
{"ID":1030100,"Text":"Juvenile Scholar Robe"},
{"ID":1040000,"Text":"Radiant Gold Mask"},
{"ID":1040100,"Text":"Goldmask's Rags"},
{"ID":1040200,"Text":"Gold Bracelets"},
{"ID":1040300,"Text":"Gold Waistwrap"},
{"ID":1050100,"Text":"Fell Omen Cloak"},
{"ID":1060000,"Text":"Albinauric Mask"},
{"ID":1060100,"Text":"Dirty Chainmail"},
{"ID":1070000,"Text":"Zamor Mask"},
{"ID":1070100,"Text":"Zamor Armor"},
{"ID":1070200,"Text":"Zamor Bracelets"},
{"ID":1070300,"Text":"Zamor Legwraps"},
{"ID":1080000,"Text":"Imp Head (Cat)"},
{"ID":1081000,"Text":"Imp Head (Fanged)"},
{"ID":1082000,"Text":"Imp Head (Long-Tongued)"},
{"ID":1083000,"Text":"Imp Head (Corpse)"},
{"ID":1084000,"Text":"Imp Head (Wolf)"},
{"ID":1085000,"Text":"Imp Head (Elder)"},
{"ID":1090000,"Text":"Silver Tear Mask"},
{"ID":1100000,"Text":"Chain Coif"},
{"ID":1100100,"Text":"Chain Armor"},
{"ID":1100200,"Text":"Gauntlets"},
{"ID":1100300,"Text":"Chain Leggings"},
{"ID":1101000,"Text":"Greathelm"},
{"ID":1101100,"Text":"Eye Surcoat"},
{"ID":1102100,"Text":"Tree Surcoat"},
{"ID":1110000,"Text":"Octopus Head"},
{"ID":1120000,"Text":"Jar"},
{"ID":1130000,"Text":"Mushroom Head"},
{"ID":1130100,"Text":"Mushroom Body"},
{"ID":1130200,"Text":"Mushroom Arms"},
{"ID":1130300,"Text":"Mushroom Legs"},
{"ID":1300000,"Text":"Nox Mirrorhelm"},
{"ID":1301000,"Text":"Iji's Mirrorhelm"},
{"ID":1400000,"Text":"Black Hood"},
{"ID":1400100,"Text":"Leather Armor"},
{"ID":1400200,"Text":"Leather Gloves"},
{"ID":1400300,"Text":"Leather Boots"},
{"ID":1401000,"Text":"Bandit Mask"},
{"ID":1500000,"Text":"Knight Helm"},
{"ID":1500100,"Text":"Knight Armor"},
{"ID":1500200,"Text":"Knight Gauntlets"},
{"ID":1500300,"Text":"Knight Greaves"},
{"ID":1600000,"Text":"Greathood"},
{"ID":1700000,"Text":"Godrick Soldier Helm"},
{"ID":1700100,"Text":"Tree-and-Beast Surcoat"},
{"ID":1700200,"Text":"Godrick Soldier Gauntlets"},
{"ID":1700300,"Text":"Godrick Soldier Greaves"},
{"ID":1710000,"Text":"Raya Lucarian Helm"},
{"ID":1710100,"Text":"Cuckoo Surcoat"},
{"ID":1710200,"Text":"Raya Lucarian Gauntlets"},
{"ID":1710300,"Text":"Raya Lucarian Greaves"},
{"ID":1720000,"Text":"Leyndell Soldier Helm"},
{"ID":1720100,"Text":"Erdtree Surcoat"},
{"ID":1720200,"Text":"Leyndell Soldier Gauntlets"},
{"ID":1720300,"Text":"Leyndell Soldier Greaves"},
{"ID":1730000,"Text":"Radahn Soldier Helm"},
{"ID":1730100,"Text":"Redmane Surcoat"},
{"ID":1730200,"Text":"Radahn Soldier Gauntlets"},
{"ID":1730300,"Text":"Radahn Soldier Greaves"},
{"ID":1740100,"Text":"Mausoleum Surcoat"},
{"ID":1740200,"Text":"Mausoleum Gauntlets"},
{"ID":1740300,"Text":"Mausoleum Greaves"},
{"ID":1750000,"Text":"Haligtree Helm"},
{"ID":1750100,"Text":"Haligtree Crest Surcoat"},
{"ID":1750200,"Text":"Haligtree Gauntlets"},
{"ID":1750300,"Text":"Haligtree Greaves"},
{"ID":1760000,"Text":"Gelmir Knight Helm"},
{"ID":1760100,"Text":"Gelmir Knight Armor"},
{"ID":1760200,"Text":"Gelmir Knight Gauntlets"},
{"ID":1760300,"Text":"Gelmir Knight Greaves"},
{"ID":1761100,"Text":"Gelmir Knight Armor (Altered)"},
{"ID":1770000,"Text":"Godrick Knight Helm"},
{"ID":1770100,"Text":"Godrick Knight Armor"},
{"ID":1770200,"Text":"Godrick Knight Gauntlets"},
{"ID":1770300,"Text":"Godrick Knight Greaves"},
{"ID":1771100,"Text":"Godrick Knight Armor (Altered)"},
{"ID":1780000,"Text":"Cuckoo Knight Helm"},
{"ID":1780100,"Text":"Cuckoo Knight Armor"},
{"ID":1780200,"Text":"Cuckoo Knight Gauntlets"},
{"ID":1780300,"Text":"Cuckoo Knight Greaves"},
{"ID":1781100,"Text":"Cuckoo Knight Armor (Altered)"},
{"ID":1790000,"Text":"Leyndell Knight Helm"},
{"ID":1790100,"Text":"Leyndell Knight Armor"},
{"ID":1790200,"Text":"Leyndell Knight Gauntlets"},
{"ID":1790300,"Text":"Leyndell Knight Greaves"},
{"ID":1791100,"Text":"Leyndell Knight Armor (Altered)"},
{"ID":1800000,"Text":"Redmane Knight Helm"},
{"ID":1800100,"Text":"Redmane Knight Armor"},
{"ID":1800200,"Text":"Redmane Knight Gauntlets"},
{"ID":1800300,"Text":"Redmane Knight Greaves"},
{"ID":1801100,"Text":"Redmane Knight Armor (Altered)"},
{"ID":1810100,"Text":"Mausoleum Knight Armor"},
{"ID":1810200,"Text":"Mausoleum Knight Gauntlets"},
{"ID":1810300,"Text":"Mausoleum Knight Greaves"},
{"ID":1811100,"Text":"Mausoleum Knight Armor (Altered)"},
{"ID":1820000,"Text":"Haligtree Knight Helm"},
{"ID":1820100,"Text":"Haligtree Knight Armor"},
{"ID":1820200,"Text":"Haligtree Knight Gauntlets"},
{"ID":1820300,"Text":"Haligtree Knight Greaves"},
{"ID":1821100,"Text":"Haligtree Knight Armor (Altered)"},
{"ID":1830000,"Text":"Foot Soldier Cap"},
{"ID":1830100,"Text":"Chain-Draped Tabard"},
{"ID":1830200,"Text":"Foot Soldier Gauntlets"},
{"ID":1830300,"Text":"Foot Soldier Greaves"},
{"ID":1840000,"Text":"Foot Soldier Helmet"},
{"ID":1840100,"Text":"Foot Soldier Tabard"},
{"ID":1850000,"Text":"Gilded Foot Soldier Cap"},
{"ID":1850100,"Text":"Leather-Draped Tabard"},
{"ID":1860000,"Text":"Foot Soldier Helm"},
{"ID":1860100,"Text":"Scarlet Tabard"},
{"ID":1870100,"Text":"Bloodsoaked Tabard"},
{"ID":1880000,"Text":"Sacred Crown Helm"},
{"ID":1880100,"Text":"Ivory-Draped Tabard"},
{"ID":1890000,"Text":"Omensmirk Mask"},
{"ID":1890100,"Text":"Omenkiller Robe"},
{"ID":1890200,"Text":"Omenkiller Long Gloves"},
{"ID":1890300,"Text":"Omenkiller Boots"},
{"ID":1900000,"Text":"Ash-of-War Scarab"},
{"ID":1901000,"Text":"Incantation Scarab"},
{"ID":1902000,"Text":"Glintstone Scarab"},
{"ID":1910000,"Text":"Crimson Tear Scarab"},
{"ID":1920000,"Text":"Cerulean Tear Scarab"},
{"ID":1930100,"Text":"Deathbed Dress"},
{"ID":1930300,"Text":"Deathbed Smalls"},
{"ID":1940000,"Text":"Fia's Hood"},
{"ID":1940100,"Text":"Fia's Robe"},
{"ID":1941100,"Text":"Fia's Robe (Altered)"},
{"ID":1950000,"Text":null},
{"ID":1950100,"Text":"Millicent's Robe"},
{"ID":1950200,"Text":"Millicent's Gloves"},
{"ID":1950300,"Text":"Millicent's Boots"},
{"ID":1960000,"Text":null},
{"ID":1970100,"Text":"Millicent's Tunic"},
{"ID":1970200,"Text":"Golden Prosthetic"},
{"ID":1980000,"Text":"Highwayman Hood"},
{"ID":1980100,"Text":"Highwayman Cloth Armor"},
{"ID":1980200,"Text":"Highwayman Gauntlets"},
{"ID":1990000,"Text":"High Page Hood"},
{"ID":1990100,"Text":"High Page Clothes"},
{"ID":1991100,"Text":"High Page Clothes (Altered)"},
{"ID":2000000,"Text":"Rotten Duelist Helm"},
{"ID":2000100,"Text":"Rotten Gravekeeper Cloak"},
{"ID":2000300,"Text":"Rotten Duelist Greaves"},
{"ID":2001100,"Text":"Rotten Gravekeeper Cloak (Altered)"},
{"ID":2010000,"Text":"Mushroom Crown"},
{"ID":2020000,"Text":"Black Dumpling"},
{"ID":2030000,"Text":"Lazuli Robe"}
],"Version":2,"BigEndian":false,"Compression":1}}