{"FmgID":22,"Fmg":{"Entries":[
{"ID":200,"Text":" "},
{"ID":1000,"Text":" "},
{"ID":1100,"Text":" "},
{"ID":1200,"Text":null},
{"ID":1300,"Text":null},
{"ID":1400,"Text":null},
{"ID":1500,"Text":null},
{"ID":1600,"Text":null},
{"ID":1700,"Text":null},
{"ID":1800,"Text":null},
{"ID":1900,"Text":null},
{"ID":2000,"Text":null},
{"ID":2100,"Text":null},
{"ID":2200,"Text":null},
{"ID":2300,"Text":null},
{"ID":2400,"Text":null},
{"ID":2500,"Text":null},
{"ID":2600,"Text":null},
{"ID":2700,"Text":null},
{"ID":2800,"Text":null},
{"ID":2900,"Text":null},
{"ID":3000,"Text":null},
{"ID":3100,"Text":null},
{"ID":3200,"Text":null},
{"ID":3300,"Text":null},
{"ID":3400,"Text":null},
{"ID":3500,"Text":null},
{"ID":3600,"Text":null},
{"ID":3700,"Text":null},
{"ID":3800,"Text":null},
{"ID":3900,"Text":null},
{"ID":4000,"Text":null},
{"ID":4100,"Text":null},
{"ID":4200,"Text":null},
{"ID":4300,"Text":null},
{"ID":4400,"Text":null},
{"ID":4500,"Text":null},
{"ID":4600,"Text":null},
{"ID":4700,"Text":null},
{"ID":4800,"Text":null},
{"ID":4900,"Text":null},
{"ID":5000,"Text":null},
{"ID":40000,"Text":"An ordinary iron helmet"},
{"ID":40100,"Text":"Armor composed of small metal plates"},
{"ID":40200,"Text":"Ordinary iron gauntlets"},
{"ID":40300,"Text":"Well-made leather trousers"},
{"ID":50000,"Text":"Helm worn by Kaiden sellswords"},
{"ID":50100,"Text":"Armor worn by Kaiden sellswords"},
{"ID":50200,"Text":"Gauntlets worn by Kaiden sellswords"},
{"ID":50300,"Text":"Trousers worn by Kaiden sellswords"},
{"ID":60000,"Text":"Malformed helm fused with dragon flesh"},
{"ID":60100,"Text":"Malformed armor fused with dragon flesh"},
{"ID":60200,"Text":"Malformed gauntlets fused with dragon flesh"},
{"ID":60300,"Text":"Malformed greaves fused with dragon flesh"},
{"ID":61000,"Text":"Malformed light helm fused with dragon flesh"},
{"ID":61100,"Text":"Malformed armor fused with dragon flesh"},
{"ID":80000,"Text":"Helm made from layered ancient dragon scales"},
{"ID":80100,"Text":"Armor made from layered ancient dragon scales"},
{"ID":80200,"Text":"Gauntlets made from layered ancient dragon scales"},
{"ID":80300,"Text":"Greaves made from layered ancient dragon scales"},
{"ID":81100,"Text":"Armor made of layered ancient dragon scales"},
{"ID":90000,"Text":"Hood of an Erdtree Capital perfumer"},
{"ID":90100,"Text":"Robe of an Erdtree Capital perfumer"},
{"ID":90200,"Text":"Gloves of an Erdtree Capital perfumer"},
{"ID":90300,"Text":"Sarong of an Erdtree Capital perfumer"},
{"ID":91100,"Text":"Tunic of an Erdtree Capital perfumer"},
{"ID":100000,"Text":"Leather tricorne of an unaffiliated perfumer"},
{"ID":100100,"Text":"Robe of an unaffiliated perfumer"},
{"ID":100200,"Text":"Gloves of an unaffiliated perfumer"},
{"ID":100300,"Text":"Trousers of an unaffiliated perfumer"},
{"ID":101100,"Text":"Tunic of an unaffiliated perfumer"},
{"ID":120000,"Text":"Hat of a defected glintstone sorcerer"},
{"ID":120100,"Text":"Robe of a defected glintstone sorcerer"},
{"ID":120200,"Text":"Gloves of a defected glintstone sorcerer"},
{"ID":120300,"Text":"Boots of a defected glintstone sorcerer"},
{"ID":121000,"Text":"Cowl of a defected glintstone sorcerer"},
{"ID":121100,"Text":"Tunic of a defected glintstone sorcerer"},
{"ID":130000,"Text":"Glintstone sorcerer Rogier's hat"},
{"ID":130100,"Text":"Glintstone sorcerer Rogier's cape"},
{"ID":130200,"Text":"Glintstone sorcerer Rogier's gloves"},
{"ID":130300,"Text":"Glintstone sorcerer Rogier's Trousers"},
{"ID":131100,"Text":"Glintstone sorcerer Rogier's vest"},
{"ID":140000,"Text":"Great Horned Tragoth's helm"},
{"ID":140100,"Text":"Great Horned Tragoth's armor"},
{"ID":140200,"Text":"Great Horned Tragoth's gauntlets"},
{"ID":140300,"Text":"Great Horned Tragoth's greaves"},
{"ID":150000,"Text":"Bloody Finger Hunter Yura's umbrella"},
{"ID":150100,"Text":"Bloody Finger Hunter Yura's armor"},
{"ID":150200,"Text":"Bloody Finger Hunter Yura's gauntlets"},
{"ID":150300,"Text":"Bloody Finger Hunter Yura's greaves"},
{"ID":151100,"Text":"Bloody Finger Hunter's armor"},
{"ID":160000,"Text":"Coarse hooded cloak of olive brown"},
{"ID":160100,"Text":"Garb made of rough material"},
{"ID":160200,"Text":"Arm wraps made of rough material"},
{"ID":160300,"Text":"Trousers made of rough material"},
{"ID":170000,"Text":"Helm made with the head of an old wolf"},
{"ID":170100,"Text":"Armor of Blaidd, Knight of Ranni"},
{"ID":170200,"Text":"Gauntlets of Blaidd, Knight of Ranni"},
{"ID":170300,"Text":"Greaves of Blaidd, Knight of Ranni"},
{"ID":171100,"Text":"Armor of Blaidd, Knight of Ranni"},
{"ID":180000,"Text":"Hood used by the Black Blade Assassins"},
{"ID":180100,"Text":"Armor used by the Black Blade Assassins"},
{"ID":180200,"Text":"Gauntlets used by the Black Blade Assassins"},
{"ID":180300,"Text":"Greaves used by the Black Blade Assassins"},
{"ID":181100,"Text":"Armor used by the Black Blade Assassins"},
{"ID":190000,"Text":"Deep red hood that covers the whole head"},
{"ID":190100,"Text":"Worn body armor, wrapped in a great cloth "},
{"ID":190200,"Text":"Iron gauntlets worn by salt winds and battle"},
{"ID":190300,"Text":"Iron greaves worn by salt winds and battle"},
{"ID":200000,"Text":"Knight's helm covered in a long cloth of deep red"},
{"ID":200100,"Text":"Knight's armor, worn by salt winds and battle"},
{"ID":200200,"Text":"Knight's gauntlets, worn by salt winds and battle"},
{"ID":200300,"Text":"Knight's greaves, worn by salt winds and battle"},
{"ID":201000,"Text":"Helm of a Stormveil Knight"},
{"ID":201100,"Text":"Armor of a Stormveil Knight"},
{"ID":210000,"Text":"Helm worn by Condor Knights"},
{"ID":210100,"Text":"Armor worn by Condor Knights"},
{"ID":210200,"Text":"Gauntlets worn by Condor Knights"},
{"ID":210300,"Text":"Greaves worn by Condor Knights"},
{"ID":211100,"Text":"Armor worn by Condor Knights"},
{"ID":220000,"Text":"Hood worn by pages"},
{"ID":220100,"Text":"Garb worn by pages"},
{"ID":220300,"Text":"Trousers worn by pages"},
{"ID":221100,"Text":"Tunic worn by pages"},
{"ID":230000,"Text":"Helm covered in blackened bloodstains"},
{"ID":230100,"Text":"Armor covered in blackened bloodstains"},
{"ID":230200,"Text":"Gauntlets covered in blackened bloodstains"},
{"ID":230300,"Text":"Greaves covered in blackened bloodstains"},
{"ID":231000,"Text":"Light helm covered in blackened bloodstains"},
{"ID":231100,"Text":"Armor covered in blackened bloodstains"},
{"ID":240000,"Text":"Chainmail hood made of motherly silver"},
{"ID":240100,"Text":"Chainmail armor made of motherly silver"},
{"ID":240200,"Text":"Bracelets made of motherly silver"},
{"ID":240300,"Text":"Chainmail skirt made of motherly silver"},
{"ID":241100,"Text":"Armor made of motherly silver"},
{"ID":250000,"Text":"Peddler Kalé's hat"},
{"ID":250100,"Text":"Peddler Kalé's cloak"},
{"ID":250300,"Text":"Peddler Kalé's trousers"},
{"ID":251100,"Text":"Peddler Kalé's vest"},
{"ID":260000,"Text":"Malformed, golden helm used by Gnarrl"},
{"ID":260100,"Text":"Malformed, golden armor used by Gnarrl"},
{"ID":260200,"Text":"Malformed, golden gauntlets used by Gnarrl"},
{"ID":260300,"Text":"Malformed, golden greaves used by Gnarrl"},
{"ID":270000,"Text":"Helm of a Tree Sentinel"},
{"ID":270100,"Text":"Armor of a Tree Sentinel"},
{"ID":270200,"Text":"Gauntlets of a Tree Sentinel"},
{"ID":270300,"Text":"Greaves of a Tree Sentinel"},
{"ID":271100,"Text":"Armor of a Tree Sentinel"},
{"ID":280000,"Text":"Helm of an Arbor Sentinel"},
{"ID":280100,"Text":"Armor of an Arbor Sentinel"},
{"ID":280200,"Text":"Gauntlets of an Arbor Sentinel"},
{"ID":280300,"Text":"Greaves of an Arbor Sentinel"},
{"ID":281100,"Text":"Armor of an Arbor Sentinel"},
{"ID":290000,"Text":"Hood worn by members of the Empyrean family"},
{"ID":290100,"Text":"Armor worn by members of the Empyrean family"},
{"ID":290200,"Text":"Bracelets worn by members of the Empyrean family"},
{"ID":290300,"Text":"Waistcloth worn by members of the Empyrean family"},
{"ID":291000,"Text":"Headband worn by members of the Empyrean family"},
{"ID":291100,"Text":"Vest worn by members of the Empyrean family"},
{"ID":292000,"Text":"Crown worn by members of the Empyrean family"},
{"ID":292100,"Text":"Robe worn by members of the Empyrean family"},
{"ID":293000,"Text":"Crown worn by members of the Empyrean family"},
{"ID":293100,"Text":"Tunic worn by members of the Empyrean family"},
{"ID":294000,"Text":"Crown worn by members of the Empyrean family"},
{"ID":294100,"Text":"Tunic worn by members of the Empyrean family"},
{"ID":300000,"Text":"Headband worn by worshippers of stag specters"},
{"ID":300100,"Text":"Garb worn by worshippers of stag specters"},
{"ID":300300,"Text":"Leggings worn by worshippers of stag specters"},
{"ID":301000,"Text":null},
{"ID":301100,"Text":null},
{"ID":301300,"Text":null},
{"ID":310000,"Text":"Bronze helm adorned with many snakes"},
{"ID":310100,"Text":"Robe made from a beast pelt"},
{"ID":310300,"Text":"Bronze anklets adorned with snakes"},
{"ID":311100,"Text":"Bronze bracelets adorned with snakes"},
{"ID":320000,"Text":"Hood of dyed black cloth featuring gold embroidery"},
{"ID":320100,"Text":"Robe of dyed black cloth featuring gold embroidery"},
{"ID":320300,"Text":"Waistcloth of dyed black material"},
{"ID":330000,"Text":"Mask worn by the people of rotted abundance"},
{"ID":330100,"Text":"Armor worn by the people of rotted abundance"},
{"ID":330200,"Text":"Gauntlets worn by the people of rotted abundance"},
{"ID":330300,"Text":"Greaves worn by the people of rotted abundance"},
{"ID":331100,"Text":"Vest worn by the people of rotted abundance"},
{"ID":340000,"Text":"Helm of a Wing Knight. Somewhat decayed..."},
{"ID":340100,"Text":"Armor of a Wing Knight. Somewhat decayed..."},
{"ID":340200,"Text":"Gauntlets of a Wing Knight. Somewhat decayed..."},
{"ID":340300,"Text":"Greaves of a Wing Knight. Somewhat decayed..."},
{"ID":341000,"Text":"Light helm of a Wing Knight. Somewhat decayed…"},
{"ID":341100,"Text":"Armor of a Wing Knight. Somewhat decayed…"},
{"ID":350000,"Text":"Mail helm covering a headband engraved with flames"},
{"ID":350100,"Text":"Fire Monk armor adorned with a red cloth"},
{"ID":350200,"Text":"Fire Monk gauntlets which resemble flames"},
{"ID":350300,"Text":"Fire Monk greaves which resemble flames"},
{"ID":351000,"Text":"Chain helm worn above a fire shaped crown"},
{"ID":351100,"Text":"Godskin Monk armor adorned with a white cloth"},
{"ID":351200,"Text":"Godskin Monk gauntlets which resemble flames"},
{"ID":351300,"Text":"Godskin Monk greaves which resemble flames"},
{"ID":360000,"Text":"Fire Prelate helm sculpted in the image of a sage"},
{"ID":360100,"Text":"Fire Prelate armor adorned with a red cloth"},
{"ID":360200,"Text":"Fire Prelate gauntlets which resemble flames"},
{"ID":360300,"Text":"Fire Prelate greaves which resemble flames"},
{"ID":361100,"Text":"Fire Prelate armor adorned with a red cloth"},
{"ID":370000,"Text":"Aristocrat headband, decorated with fine goldwork"},
{"ID":370100,"Text":"Aristocrat garb featuring fine gold embroidery"},
{"ID":370300,"Text":"Aristocrat boots, made of thick leather"},
{"ID":371100,"Text":"Aristocrat garb, adorned with golden embroidery"},
{"ID":380000,"Text":"Aristocrat hat, decorated with a marcescent feather"},
{"ID":380100,"Text":"Aristocrat coat featuring fine gold embroidery"},
{"ID":390000,"Text":"Aristocrat hood, made from superior cloth"},
{"ID":390100,"Text":"Aristocrat gown featuring fine gold embroidery"},
{"ID":390300,"Text":"Aristocrat shoes made from sturdy leather"},
{"ID":420000,"Text":"Helm worn by wandering soldiers"},
{"ID":420100,"Text":"Armor worn by wandering soldiers"},
{"ID":420200,"Text":"Gloves worn by wandering soldiers"},
{"ID":420300,"Text":"Boots worn by wandering soldiers"},
{"ID":430000,"Text":"Hood of a travelling musician gripped by death"},
{"ID":430100,"Text":"Robe of a travelling musician gripped by death"},
{"ID":430300,"Text":"Waistcloth of travelling musician gripped by death"},
{"ID":440000,"Text":"Oval helmet large enough to cover any head"},
{"ID":460000,"Text":"Crown of Godfrey, the first Elden Lord"},
{"ID":460100,"Text":"Armor of Godfrey, the first Elden Lord"},
{"ID":460200,"Text":"Gauntlets of Godfrey, the first Elden Lord"},
{"ID":460300,"Text":"Greaves of Godfrey, the first Elden Lord"},
{"ID":461100,"Text":"Armor of Godfrey, the first Elden Lord"},
{"ID":470000,"Text":"Helm of Radahn, God of War"},
{"ID":470100,"Text":"Armor of Radahn, God of War"},
{"ID":470200,"Text":"Gauntlets of Radahn, God of War"},
{"ID":470300,"Text":"Greaves of Radahn, God of War"},
{"ID":471100,"Text":"Armor of Radahn, God of War"},
{"ID":480100,"Text":"Robe of Mohg, Lord of Blood"},
{"ID":481100,"Text":"Gown of Mohg, Lord of Blood"},
{"ID":510000,"Text":"Crown of Rennala, the Full Moon Witch"},
{"ID":510100,"Text":"Robe of Rennala, the Full Moon Witch"},
{"ID":510200,"Text":"Bracelet of Rennala, the Full Moon Witch"},
{"ID":510300,"Text":"Trousers of Rennala, the Full Moon Witch"},
{"ID":520000,"Text":"Hood made from tanned Demigod skin"},
{"ID":520100,"Text":"Robe made from tanned Demigod skin"},
{"ID":520200,"Text":"Bracelets made from tanned Demigod skin"},
{"ID":520300,"Text":"Boots made from tanned Demigod skin"},
{"ID":530000,"Text":"Hood made from tanned corpulent Demigod skin"},
{"ID":530100,"Text":"Robe made from tanned corpulent Demigod skin"},
{"ID":530200,"Text":"Bracelets made from tanned corpulent Demigod skin"},
{"ID":530300,"Text":"Boots made from tanned corpulent Demigod skin"},
{"ID":540000,"Text":"Hood of a depraved perfumer gripped by madness"},
{"ID":540100,"Text":"Robe of a depraved perfumer gripped by madness"},
{"ID":540200,"Text":"Gloves of a depraved perfumer gripped by madness"},
{"ID":540300,"Text":"Boots of a depraved perfumer gripped by madness"},
{"ID":541100,"Text":"Tunic of a depraved perfumer gripped by madness"},
{"ID":570000,"Text":"Helm used by Ordovis of the Crucible and his men"},
{"ID":570100,"Text":"Armor used by Ordovis of the Crucible and his men"},
{"ID":570200,"Text":"Gauntlets used by the Crucible Knights"},
{"ID":570300,"Text":"Greaves used by the Crucible Knights"},
{"ID":571000,"Text":"Helm used by Siluria of the Crucible and her men"},
{"ID":571100,"Text":"Armor used by Siluria of the Crucible and her men"},
{"ID":572100,"Text":"Armor used by Ordovis of the Crucible and his men"},
{"ID":573100,"Text":"Armor used by Siluria of the Crucible and her men"},
{"ID":580000,"Text":"Skull-merged Crown of a Crystal Sorcerer"},
{"ID":580100,"Text":"Dull red robe of a Crystal Sorcerer"},
{"ID":580200,"Text":"Dull red  arm wraps of a Crystal Sorcerer"},
{"ID":580300,"Text":"Dull red waistcloth of a Crystal Sorcerer"},
{"ID":581000,"Text":"Blue transparent crown of a Crystal Sorcerer"},
{"ID":581100,"Text":"Blue transparent robe of a Crystal Sorcerer"},
{"ID":581200,"Text":"Blue transparent arm wraps of a Crystal Sorcerer"},
{"ID":590000,"Text":"Helm of Gideon Ofnir, the All-Knowing"},
{"ID":590100,"Text":"Armor of Gideon Ofnir, the All-Knowing"},
{"ID":590200,"Text":"Gauntlets of Gideon Ofnir, the All-Knowing"},
{"ID":590300,"Text":"Greaves of Gideon Ofnir, the All-Knowing"},
{"ID":591100,"Text":"Armor of Gideon Ofnir, the All-Knowing"},
{"ID":600000,"Text":"Helm worn by D, Knight of the Golden Order"},
{"ID":600100,"Text":"Armor worn by D, Knight of the Golden Order"},
{"ID":600200,"Text":"Gauntlets worn by D, Knight of the Golden Order"},
{"ID":600300,"Text":"Greaves worn by D, Knight of the Golden Order"},
{"ID":601100,"Text":"Armor worn by D, Knight of the Golden Order"},
{"ID":601300,"Text":"Greaves worn by D, Knight of the Golden Order"},
{"ID":610000,"Text":"Helm pieced together from scavenged metal"},
{"ID":610100,"Text":"Armor pieced together from scavenged metal"},
{"ID":610200,"Text":"Gauntlets pieced together from scavenged metal"},
{"ID":610300,"Text":"Greaves pieced together from scavenged metal"},
{"ID":611000,"Text":"Helm pieced together from scavenged metal"},
{"ID":611100,"Text":"Armor pieced together from scavenged metal"},
{"ID":620000,"Text":"Blindfold of the exiled prophets"},
{"ID":620100,"Text":"Robe of the exiled prophets"},
{"ID":620300,"Text":"Trousers of the exiled prophets"},
{"ID":621100,"Text":"Robe of the exiled prophets"},
{"ID":622100,"Text":"Tunic of the exiled prophets"},
{"ID":630000,"Text":"Hood of the glintstone polishers"},
{"ID":630100,"Text":"Robe of the glintstone polishers"},
{"ID":630200,"Text":"Gloves of the glintstone polishers"},
{"ID":630300,"Text":"Trousers of the glintstone polishers"},
{"ID":631100,"Text":"Robe of the glintstone polishers"},
{"ID":640000,"Text":"Oddly shaped helm used by foreign knights"},
{"ID":640100,"Text":"Oddly shaped armor used by foreign knights"},
{"ID":640200,"Text":"Oddly shaped gauntlets used by foreign knights"},
{"ID":640300,"Text":"Oddly shaped greaves used by foreign knights"},
{"ID":641100,"Text":"Oddly shaped armor used by foreign knights"},
{"ID":650000,"Text":"Heavy helm passed down through the Hoslow family"},
{"ID":650100,"Text":"Armor passed down through the Hoslow family"},
{"ID":650200,"Text":"Gauntlets passed down through the Hoslow family"},
{"ID":650300,"Text":"Greaves passed down through the Hoslow family"},
{"ID":651000,"Text":"Helm passed down through the Hoslow family"},
{"ID":652100,"Text":"Armor passed down through the Hoslow family"},
{"ID":660000,"Text":"Helm of a banished knight"},
{"ID":660100,"Text":"Armor  of a banished knight"},
{"ID":660200,"Text":"Gauntlets of a banished knight"},
{"ID":660300,"Text":"Greaves of a banished knight"},
{"ID":661100,"Text":"Chest Piece of a banished knight"},
{"ID":670000,"Text":"Cowl of a nomadic warrior, made of blue cloth"},
{"ID":670100,"Text":"Vest of a nomadic warrior, made of blue cloth"},
{"ID":670200,"Text":"Gauntlets of a nomadic warrior"},
{"ID":670300,"Text":"Greaves of a nomadic warrior"},
{"ID":680000,"Text":"Strange birch mask that hides one's expression"},
{"ID":680100,"Text":"Old white tunic, stained with blood"},
{"ID":680200,"Text":"Physician's gloves made from thick leather"},
{"ID":680300,"Text":"Physician's trousers made from thick leather"},
{"ID":681100,"Text":"Physician's vest made from thick leather"},
{"ID":690000,"Text":"Mask that mediates via body of famed ancestor"},
{"ID":690100,"Text":"Armor that mediates via body of famed ancestor"},
{"ID":690200,"Text":"Gauntlets that mediate via body of famed ancestor"},
{"ID":690300,"Text":"Greaves that mediate via body of famed ancestor"},
{"ID":700000,"Text":"Headband of a warrior of the frigid uplands"},
{"ID":700100,"Text":"Battlewear of a warrior of the frigid uplands"},
{"ID":700200,"Text":"Gauntlets of a warrior of the frigid uplands"},
{"ID":700300,"Text":"Greaves of a warrior of the frigid uplands"},
{"ID":701000,"Text":"Helm of a warrior of the frigid uplands"},
{"ID":702000,"Text":"Battlewear of a warrior of the frigid uplands"},
{"ID":720000,"Text":"Helm of Belnahr the Traitor"},
{"ID":720100,"Text":"Armor of Belnahr the Traitor"},
{"ID":720200,"Text":"Gauntlets of Belnahr the Traitor"},
{"ID":720300,"Text":"Greaves of Belnahr the Traitor"},
{"ID":721100,"Text":"Armor of Belnahr the Traitor"},
{"ID":730000,"Text":"Headband reserved for the badlands' bravest"},
{"ID":730100,"Text":"Pauldron reserved for the badlands' bravest"},
{"ID":730200,"Text":"Gauntlets reserved for the badlands' bravest"},
{"ID":730300,"Text":"Gaiters formed only of leather straps"},
{"ID":740000,"Text":"Hooded cloak of expatriated royalty"},
{"ID":740100,"Text":"Armor of expatriated royalty"},
{"ID":740200,"Text":"Gloves of expatriated royalty"},
{"ID":740300,"Text":"Trousers of expatriated royalty"},
{"ID":741000,"Text":"Hooded cloak of expatriated royalty"},
{"ID":760000,"Text":"Helm of Maliketh the Black Blade"},
{"ID":760100,"Text":"Armor of Maliketh the Black Blade"},
{"ID":760200,"Text":"Gauntlets of Maliketh the Black Blade"},
{"ID":760300,"Text":"Greaves of Maliketh the Black Blade"},
{"ID":761100,"Text":"Armor of Maliketh the Black Blade"},
{"ID":770000,"Text":"Helm of Arbitress Malenia"},
{"ID":770100,"Text":"Armor of Arbitress Malenia"},
{"ID":770200,"Text":"Gauntlets of Arbitress Malenia"},
{"ID":770300,"Text":"Greaves of Arbitress Malenia"},
{"ID":771100,"Text":"Armor of Arbitress Malenia"},
{"ID":780000,"Text":"Veteran General's old helm"},
{"ID":780100,"Text":"Veteran General's old armor"},
{"ID":780200,"Text":"Veteran General's old gauntlets"},
{"ID":780300,"Text":"Veteran General's old greaves"},
{"ID":781100,"Text":"Veteran General's old armor"},
{"ID":790000,"Text":"Beast-like helm of the Bloodhound Knights"},
{"ID":790100,"Text":"Beast-like armor of the Bloodhound Knights"},
{"ID":790200,"Text":"Beast-like gauntlets of the Bloodhound Knights"},
{"ID":790300,"Text":"Beast-like greaves of the Bloodhound Knights"},
{"ID":791100,"Text":"Beast-like armor of the Bloodhound Knights"},
{"ID":800000,"Text":"Hood worn for a humble festival"},
{"ID":800100,"Text":"Cloak worn for a humble festival"},
{"ID":801000,"Text":"Wreath of flowers worn for a humble festival"},
{"ID":801100,"Text":"Ceremonial garb worn for a humble festival"},
{"ID":802000,"Text":"Hood worn for a humble festival"},
{"ID":802100,"Text":"Cloak worn for a humble festival"},
{"ID":810000,"Text":"Hood of a rune cursed citizen"},
{"ID":810100,"Text":"Garb of a rune cursed citizen"},
{"ID":810300,"Text":"Waistcloth of a rune cursed citizen"},
{"ID":811000,"Text":"Garb of a rune cursed citizen"},
{"ID":811100,"Text":"Garb of a rune cursed citizen"},
{"ID":812000,"Text":"Crown of a rune cursed citizen"},
{"ID":812100,"Text":"Garb of a rune cursed citizen"},
{"ID":820000,"Text":"Head concealing silver robe"},
{"ID":830000,"Text":"Stone mask of the Twin Crystal Sage"},
{"ID":830100,"Text":"Robe worn by Raya Lucaria's magic scholars"},
{"ID":830200,"Text":"Manchettes worn by Raya Lucaria's magic scholars"},
{"ID":830300,"Text":"Leggings worn by Raya Lucaria's magic scholars"},
{"ID":831000,"Text":"Stone mask of a Gold Amber Sage"},
{"ID":832000,"Text":"Stone mask of a Red Glintstone Sage"},
{"ID":833000,"Text":"Stone mask depicting the wise Karolos"},
{"ID":834000,"Text":"Stone mask of a Green Glintstone Sage"},
{"ID":834100,"Text":"Broken stone mask with fractured Glintstone"},
{"ID":840000,"Text":"Cylindrical helm worn by marionette soldiers"},
{"ID":840100,"Text":"Armor of lattice plate worn by marionette soldiers"},
{"ID":850000,"Text":"Iron mask worn by marionette soldiers"},
{"ID":860000,"Text":"Helm of Vargram the Bloody Wolf"},
{"ID":860100,"Text":"Armor of Vargram the Bloody Wolf"},
{"ID":860200,"Text":"Gauntlets of Vargram the Bloody Wolf"},
{"ID":860300,"Text":"Greaves of Vargram the Bloody Wolf"},
{"ID":861100,"Text":"Breastplate of Vargram the Bloody Wolf"},
{"ID":870000,"Text":"Helm of a warrior from the land of reeds"},
{"ID":870100,"Text":"Chest piece of a warrior from the land of reeds"},
{"ID":870200,"Text":"Gauntlets of a warrior from the land of reeds"},
{"ID":870300,"Text":"Greaves of a warrior from the land of reeds"},
{"ID":871100,"Text":"Armor of a warrior from the land of reeds"},
{"ID":872000,"Text":"Mask adorned with a land of reeds veteran warrior"},
{"ID":872100,"Text":"Stomach band of a land of reeds veteran warrior"},
{"ID":872200,"Text":"Gauntlets of a land of reeds veteran warrior"},
{"ID":872300,"Text":"Greaves of a land of reeds veteran warrior"},
{"ID":880000,"Text":"Black hood of those who kill for a living"},
{"ID":880100,"Text":"Black robe of those who kill for a living"},
{"ID":880200,"Text":"Gloves of those who kill for a living"},
{"ID":880300,"Text":"Boots of those who kill for a living"},
{"ID":881000,"Text":"Mask of those who kill for a living"},
{"ID":881100,"Text":"Vest of those who kill for a living"},
{"ID":890000,"Text":"Iron mask worn by grave offenders"},
{"ID":890100,"Text":"Tattered clothing"},
{"ID":890300,"Text":"Tattered trousers"},
{"ID":891000,"Text":"Iron mask worn by only the most violent offenders"},
{"ID":900000,"Text":"Hood worn by traveling clerics"},
{"ID":900100,"Text":"Robe worn by traveling clerics"},
{"ID":900200,"Text":"Gloves worn by traveling clerics"},
{"ID":900300,"Text":"Skirt worn by traveling clerics"},
{"ID":901100,"Text":"Tunic worn by traveling clerics"},
{"ID":902000,"Text":"Crown worn by Saints"},
{"ID":902100,"Text":"Dress worn by Saints"},
{"ID":902300,"Text":"Skirt worn by Saints"},
{"ID":903100,"Text":"Tunic worn by Saints"},
{"ID":910000,"Text":"Hat worn by ruthless Chaplains"},
{"ID":910100,"Text":"Gown worn by ruthless Chaplains"},
{"ID":910200,"Text":"Gloves worn by ruthless Chaplains"},
{"ID":910300,"Text":"Boots worn by ruthless Chaplains"},
{"ID":911000,"Text":"Hood worn by ruthless Chaplains"},
{"ID":911100,"Text":"Vest worn by ruthless Chaplains"},
{"ID":920000,"Text":"Headdress made from wildflowers"},
{"ID":930000,"Text":"Hood worn by followers of the deadly birds"},
{"ID":930100,"Text":"Cloak worn by followers of the deadly birds"},
{"ID":930200,"Text":"Wraps worn by followers of the deadly birds"},
{"ID":930300,"Text":"Trousers worn by followers of the deadly birds"},
{"ID":931100,"Text":"Vest worn by followers of the deadly birds"},
{"ID":940000,"Text":"Deathwatch, Jerren's hood"},
{"ID":940100,"Text":"Deathwatch, Jerren's armor"},
{"ID":940200,"Text":"Deathwatch, Jerren's gauntlets"},
{"ID":940300,"Text":"Deathwatch, Jerren's tights"},
{"ID":941000,"Text":"Deathwatch, Jerren's helm"},
{"ID":950000,"Text":"Deformed helm of a mad knight in despair"},
{"ID":950100,"Text":"Deformed armor of a mad knight in despair"},
{"ID":950200,"Text":"Deformed gauntlets of a mad knight in despair"},
{"ID":950300,"Text":"Deformed greaves of a mad knight in despair"},
{"ID":951100,"Text":"Deformed armor of a mad knight in despair"},
{"ID":960000,"Text":"White mask of Tanith, Lady of the Volcano Manor"},
{"ID":960100,"Text":"Dress of Tanith, Lady of the Volcano Manor"},
{"ID":960300,"Text":"Skirt of Tanith, Lady of the Volcano Manor"},
{"ID":961000,"Text":"Stone mask of Rya, servant to the Volcano Manor"},
{"ID":961100,"Text":"Extravagantly embroidered noble's robe"},
{"ID":962100,"Text":"Extravagantly embroidered noble's gown"},
{"ID":963000,"Text":"An eerie white haired silver mask"},
{"ID":963100,"Text":"Noble's cape woven with sturdy fabric"},
{"ID":963200,"Text":"Noble's waistcloth woven with sturdy fabric"},
{"ID":964000,"Text":"Bandages dirtied with blood"},
{"ID":964100,"Text":"Noble's gown woven with sturdy fabric"},
{"ID":970000,"Text":"Mask of a curse gnawed Omen"},
{"ID":970100,"Text":"Armor of a curse gnawed Omen"},
{"ID":970200,"Text":"Gauntlets of a curse gnawed Omen"},
{"ID":970300,"Text":"Greaves of a curse gnawed Omen"},
{"ID":980000,"Text":"Helm of enchanted Carian knights"},
{"ID":980100,"Text":"Armor of enchanted Carian knights"},
{"ID":980200,"Text":"Gauntlets of enchanted Carian knights"},
{"ID":980300,"Text":"Greaves of enchanted Carian knights"},
{"ID":981100,"Text":"Armor of enchanted Carian knights"},
{"ID":990000,"Text":"Eyepatch worn by a great sorcerer turned hermit"},
{"ID":990100,"Text":"Cape worn by a great sorcerer turned hermit"},
{"ID":990200,"Text":"Arm wraps worn by a great sorcerer turned hermit"},
{"ID":990300,"Text":"Shoes worn by a great sorcerer turned hermit"},
{"ID":991100,"Text":"Tunic worn by a great sorcerer turned hermit"},
{"ID":1000000,"Text":"Mask of an unaffiliated glintstone sorcerer"},
{"ID":1000100,"Text":"Robe of an unaffiliated glintstone sorcerer"},
{"ID":1000200,"Text":"Arm wraps of an unaffiliated glintstone sorcerer"},
{"ID":1000300,"Text":"Waistcloth of an unaffiliated glintstone sorcerer"},
{"ID":1010000,"Text":"Hat worn by Enchantress Ranni"},
{"ID":1010100,"Text":"Robe worn by Enchantress Ranni"},
{"ID":1010300,"Text":"Skirt worn by Enchantress Ranni"},
{"ID":1011100,"Text":"Dress worn by Enchantress Ranni"},
{"ID":1020100,"Text":"Robe worn by Malenia"},
{"ID":1020200,"Text":"Arm wraps worn by Malenia"},
{"ID":1020300,"Text":"Skirt worn by Malenia"},
{"ID":1030000,"Text":"Cap worn by students of the Raya Lucaria Academy"},
{"ID":1030100,"Text":"Robe worn by students of the Raya Lucaria Academy"},
{"ID":1040000,"Text":"Mask worn by researchers of the Golden Order"},
{"ID":1040100,"Text":"Robe worn by researchers of the Golden Order"},
{"ID":1040200,"Text":"Arm wraps worn by researchers of the Golden Order"},
{"ID":1040300,"Text":"Waistcloth worn by researchers of the Golden Order"},
{"ID":1050100,"Text":"Robe worn by Morgott, the Elden Lord"},
{"ID":1060000,"Text":"Helm modeled after the silent Frog People"},
{"ID":1060100,"Text":"Chainmail worn by the silent Frog People"},
{"ID":1070000,"Text":"Mask worn by an ancient hero"},
{"ID":1070100,"Text":"Armor worn by an ancient hero"},
{"ID":1070200,"Text":"Arm wraps worn by an ancient hero"},
{"ID":1070300,"Text":"Waistcloth worn by an ancient hero"},
{"ID":1080000,"Text":"Ancient mask with an animal motif"},
{"ID":1081000,"Text":"Ancient mask with an animal motif"},
{"ID":1082000,"Text":"Ancient mask with an animal motif"},
{"ID":1083000,"Text":"Ancient mask with an animal motif"},
{"ID":1084000,"Text":"Ancient mask with an animal motif"},
{"ID":1085000,"Text":"Ancient mask with an animal motif"},
{"ID":1090000,"Text":"Head covering formed from silver tears"},
{"ID":1100000,"Text":"Helm made of woven chain"},
{"ID":1100100,"Text":"Chest piece made of woven chain"},
{"ID":1100200,"Text":"Gauntlets made of woven chain"},
{"ID":1100300,"Text":"Greaves made of woven chain"},
{"ID":1101000,"Text":"Sturdy helm made from iron"},
{"ID":1101100,"Text":"Iron armor with a surcoat attached"},
{"ID":1102100,"Text":"Iron armor with a blue surcoat attached"},
{"ID":1110000,"Text":"Helm modeled after a Land Octopus"},
{"ID":1120000,"Text":"This sturdy jar might serve well as a helm"},
{"ID":1130000,"Text":"Helm with slime mold growing on it"},
{"ID":1130100,"Text":"Armor with slime mold growing on it"},
{"ID":1130200,"Text":"Arm wraps with slime mold growing on them"},
{"ID":1130300,"Text":"Leg wraps with slime mold growing on it"},
{"ID":1300000,"Text":"Shining helm decorated with a mirror"},
{"ID":1301000,"Text":"Shining helm decorated on all sides with mirrors"},
{"ID":1400000,"Text":"Dirty hood worn by bandits"},
{"ID":1400100,"Text":"Dirty leather armor worn by bandits"},
{"ID":1400200,"Text":"Dirty gloves worn by bandits"},
{"ID":1400300,"Text":"Dirty boots worn by bandits"},
{"ID":1401000,"Text":"Dirty garb worn by bandits"},
{"ID":1500000,"Text":"Iron helm worn by foreign knights"},
{"ID":1500100,"Text":"Iron armor worn by foreign knights"},
{"ID":1500200,"Text":"Iron gauntlets worn by foreign knights"},
{"ID":1500300,"Text":"Iron greaves worn by foreign knights"},
{"ID":1600000,"Text":"Hood with a mysterious silhouette"},
{"ID":1700000,"Text":"Helm used by Stormveil Knights"},
{"ID":1700100,"Text":"Armor used by Stormveil Knights"},
{"ID":1700200,"Text":"Gauntlets used by Stormveil Knights"},
{"ID":1700300,"Text":"Greaves used by Stormveil Knights"},
{"ID":1710000,"Text":"Helm used by Raya Lucaria Academy Knights"},
{"ID":1710100,"Text":"Armor used by Raya Lucaria Academy Knights"},
{"ID":1710200,"Text":"Gauntlets used by Raya Lucaria Academy Knights"},
{"ID":1710300,"Text":"Greaves used by Raya Lucaria Academy Knights"},
{"ID":1720000,"Text":"Helm used by Capital Knights"},
{"ID":1720100,"Text":"Armor used by Capital Knights"},
{"ID":1720200,"Text":"Gauntlets used by Capital Knights"},
{"ID":1720300,"Text":"Greaves used by Capital Knights"},
{"ID":1730000,"Text":"Helm used by Caelid Wilds Knights"},
{"ID":1730100,"Text":"Armor used by Caelid Wilds Knights"},
{"ID":1730200,"Text":"Gauntlets used by Caelid Wilds Knights"},
{"ID":1730300,"Text":"Greaves used by Caelid Wilds Knights"},
{"ID":1740100,"Text":"Armor used by Mausoleum Knights"},
{"ID":1740200,"Text":"Gauntlets used by Mausoleum Knights"},
{"ID":1740300,"Text":"Greaves used by Mausoleum Knights"},
{"ID":1750000,"Text":"Helm used by Knights of Miquella"},
{"ID":1750100,"Text":"Armor used by Knights of Miquella"},
{"ID":1750200,"Text":"Gauntlets used by Knights of Miquella"},
{"ID":1750300,"Text":"Greaves used by Knights of Miquella"},
{"ID":1760000,"Text":"Helm used by Capital Knights"},
{"ID":1760100,"Text":"Armor used by Capital Knights"},
{"ID":1760200,"Text":"Gauntlets used by Capital Knights"},
{"ID":1760300,"Text":"Greaves used by Capital Knights"},
{"ID":1761100,"Text":"Armor used by Capital Knights"},
{"ID":1770000,"Text":"Helm used by Stormveil Elite Knights"},
{"ID":1770100,"Text":"Armor used by Stormveil Elite Knights"},
{"ID":1770200,"Text":"Gauntlets used by Stormveil Elite Knights"},
{"ID":1770300,"Text":"Greaves used by Stormveil Elite Knights"},
{"ID":1771100,"Text":"Armor used by Stormveil Elite Knights"},
{"ID":1780000,"Text":"Helm of Raya Lucaria Academy Elite Knights"},
{"ID":1780100,"Text":"Armor of Raya Lucaria Academy Elite Knights"},
{"ID":1780200,"Text":"Gauntlets of Raya Lucaria Academy Elite Knights"},
{"ID":1780300,"Text":"Greaves of Raya Lucaria Academy Elite Knights"},
{"ID":1781100,"Text":"Armor of Raya Lucaria Academy Elite Knights"},
{"ID":1790000,"Text":"Helm used by Elite Capital Knights"},
{"ID":1790100,"Text":"Armor used by Elite Capital Knights"},
{"ID":1790200,"Text":"Gauntlets used by Elite Capital Knights"},
{"ID":1790300,"Text":"Greaves used by Elite Capital Knights"},
{"ID":1791100,"Text":"Armor used by Elite Capital Knights"},
{"ID":1800000,"Text":"Helm used by Elite Caelid Wilds Knights"},
{"ID":1800100,"Text":"Armor used by Elite Caelid Wilds Knights"},
{"ID":1800200,"Text":"Gauntlets used by Elite Caelid Wilds Knights"},
{"ID":1800300,"Text":"Greaves used by Elite Caelid Wilds Knights"},
{"ID":1801100,"Text":"Armor used by Elite Caelid Wilds Knights"},
{"ID":1810100,"Text":"Armor used by Elite Mausoleum Knights"},
{"ID":1810200,"Text":"Gauntlets used by Elite Mausoleum Knights"},
{"ID":1810300,"Text":"Greaves used by Elite Mausoleum Knights"},
{"ID":1811100,"Text":"Armor used by Elite Mausoleum Knights"},
{"ID":1820000,"Text":"Helm used by Elite Knights of Miquella"},
{"ID":1820100,"Text":"Armor used by Elite Knights of Miquella"},
{"ID":1820200,"Text":"Gauntlets used by Elite Knights of Miquella"},
{"ID":1820300,"Text":"Greaves used by Elite Knights of Miquella"},
{"ID":1821100,"Text":"Armor used by Elite Knights of Miquella"},
{"ID":1830000,"Text":"Helm used by Stormveil Soldiers"},
{"ID":1830100,"Text":"Armor used by Stormveil Soldiers"},
{"ID":1830200,"Text":"Gauntlets used by Stormveil Soldiers"},
{"ID":1830300,"Text":"Greaves used by Stormveil Soldiers"},
{"ID":1840000,"Text":"Helm used by Raya Lucaria Academy Soldiers"},
{"ID":1840100,"Text":"Armor used by Raya Lucaria Academy Soldiers"},
{"ID":1850000,"Text":"Helm used by Capital Soldiers"},
{"ID":1850100,"Text":"Armor used by Capital Soldiers"},
{"ID":1860000,"Text":"Helm used by Caelid Wilds Patrol Soldiers"},
{"ID":1860100,"Text":"Armor used by Caelid Wilds Patrol Soldiers"},
{"ID":1870100,"Text":"Armor used by Mausoleum Soldiers"},
{"ID":1880000,"Text":"Helm used by Miquella's Soldiers"},
{"ID":1880100,"Text":"Armor used by Miquella's Soldiers"},
{"ID":1890000,"Text":"Mask worn by Executioners"},
{"ID":1890100,"Text":"Robe worn by Executioners"},
{"ID":1890200,"Text":"Gloves worn by Executioners"},
{"ID":1890300,"Text":"Boots worn by Executioners"},
{"ID":1900000,"Text":"Mask made from a large, old white scarab's body"},
{"ID":1900100,"Text":"Mask made from a large, old red scarab's body"},
{"ID":1900200,"Text":"Mask made from a large, old blue scarab's body"},
{"ID":1910000,"Text":"Mask made from a large, old yellow scarab's body"},
{"ID":1920000,"Text":"Mask made from a large, old green scarab's body"},
{"ID":1930100,"Text":"Dress worn by Phia, the Deathbed Companion"},
{"ID":1930300,"Text":"Skirt worn by Phia, the Deathbed Companion"},
{"ID":1940000,"Text":"Hood worn by Phia, the Deathbed Companion"},
{"ID":1940100,"Text":"Robe worn by Phia, the Deathbed Companion"},
{"ID":1941100,"Text":"Gown worn by Phia, the Deathbed Companion"},
{"ID":1950000,"Text":" "},
{"ID":1950100,"Text":"Robe worn by Millicent the Rotting"},
{"ID":1950200,"Text":"Gloves worn by Millicent the Rotting"},
{"ID":1950300,"Text":"Boots worn by Millicent the Rotting"},
{"ID":1960000,"Text":" "},
{"ID":1970100,"Text":"Tunic worn by Millicent the Rotting"},
{"ID":1970200,"Text":"Golden prosthetic forged using ancient techniques"},
{"ID":1980000,"Text":"Hood worn by cave-dwelling foot soldiers"},
{"ID":1980100,"Text":"Robe worn by cave-dwelling foot soldiers"},
{"ID":1980200,"Text":"Gloves worn by cave-dwelling foot soldiers"},
{"ID":1990000,"Text":"Hood of a Page loyal to a certain noble family"},
{"ID":1990100,"Text":"Garb of a Page loyal to a certain noble family"},
{"ID":1991100,"Text":"Vest of a Page loyal to a certain noble family"},
{"ID":2000000,"Text":"Scarlet-bronze helm adorned with many snakes"},
{"ID":2000100,"Text":"Robe fashioned from the pelt of a deadly beast"},
{"ID":2000300,"Text":"Scarlet-bronze bracelet depicting coiled snakes"},
{"ID":2001100,"Text":"Scarlet-bronze anklet depicting coiled snakes"},
{"ID":2010000,"Text":"Garland crown of large flowers rotted by poison"},
{"ID":2020000,"Text":"Red cloth blindfold used to cover prisoners' eyes"},
{NEWENTRIES}
{"ID":2030000,"Text":"Sorcerer's robe, dyed in a beautiful cerulean hue"}
],"Version":2,"BigEndian":false,"Compression":1}}