{"name":"Restorative","duration":[-1,-1],"triggerinterval":[2,6],"affectparam":[["changeHpPoint","changeMpPoint"]],"affectparamrealdesc":[["HP","FP"]],"paramtype0int1float":[[0,0]],"affectparamminmax":[[1,5]],"negativevalue":[1],"showpercentsymbol":[0],"showminusnotplus":[0],"effectchance":[1],"maxmultiplier":3.0,"rarityaffectmultiplier":1.0,"speffecttype":0,"suffpreinterfixes":["Restorative","of Restoration","Restorative"],"talismaniconid":18000,"talismansortid":400000,"talismanname":"Talisman"}